타이틀 번호,요일,제목,링크
758037,월요일,참교육,https://shared-comic.pstatic.net/thumb/webtoon/758037/thumbnail/thumbnail_IMAG21_15cb2611-34c0-4f02-a689-41d0b1016579.jpg
648419,월요일,뷰티풀 군바리,https://shared-comic.pstatic.net/thumb/webtoon/648419/thumbnail/thumbnail_IMAG21_d9398229-cbfd-47dc-9208-0a6fb936f3a7.jpg
783052,월요일,퀘스트지상주의,https://shared-comic.pstatic.net/thumb/webtoon/783052/thumbnail/thumbnail_IMAG21_e14cbea7-8416-40e7-9aae-ccff970ac88f.jpg
728750,월요일,장씨세가 호위무사,https://shared-comic.pstatic.net/thumb/webtoon/728750/thumbnail/thumbnail_IMAG21_47c21251-b213-4882-bacc-15adce1acfc8.jpg
602910,월요일,윈드브레이커,https://shared-comic.pstatic.net/thumb/webtoon/602910/thumbnail/thumbnail_IMAG21_e861f2cf-6157-4d33-8e02-7b4cbf0a8baf.jpg
774863,월요일,팔이피플,https://shared-comic.pstatic.net/thumb/webtoon/774863/thumbnail/thumbnail_IMAG21_3689684179498578529.jpg
739115,월요일,앵무살수,https://shared-comic.pstatic.net/thumb/webtoon/739115/thumbnail/thumbnail_IMAG21_7077747896626722102.jpg
796867,월요일,버림받은 왕녀의 은밀한 침실,https://shared-comic.pstatic.net/thumb/webtoon/796867/thumbnail/thumbnail_IMAG21_77aa5064-b42b-4838-912e-2c6266c53a74.jpg
654774,월요일,소녀의 세계,https://shared-comic.pstatic.net/thumb/webtoon/654774/thumbnail/thumbnail_IMAG21_4048794550434817075.jpg
795297,월요일,신화급 귀속 아이템을 손에 넣었다,https://shared-comic.pstatic.net/thumb/webtoon/795297/thumbnail/thumbnail_IMAG21_4134925888999731505.jpg
801035,월요일,퍼니게임,https://shared-comic.pstatic.net/thumb/webtoon/801035/thumbnail/thumbnail_IMAG21_01fd148f-edb2-4ada-9571-910981ec3376.jpg
795643,월요일,호랑신랑뎐,https://shared-comic.pstatic.net/thumb/webtoon/795643/thumbnail/thumbnail_IMAG21_bf51fa0f-e374-49f8-973d-c17c5385bbef.jpg
774866,월요일,똑 닮은 딸,https://shared-comic.pstatic.net/thumb/webtoon/774866/thumbnail/thumbnail_IMAG21_cf7085c1-bfe2-49af-a82f-402e1597a02c.jpg
802865,월요일,강남의 기사,https://shared-comic.pstatic.net/thumb/webtoon/802865/thumbnail/thumbnail_IMAG21_9c102547-7b81-4dbb-9b8f-e7e852b31a88.jpg
768536,월요일,잔불의 기사,https://shared-comic.pstatic.net/thumb/webtoon/768536/thumbnail/thumbnail_IMAG21_91c5c081-77e6-4516-a503-2f45aad57401.jpg
785253,월요일,이별 후 사내 결혼,https://shared-comic.pstatic.net/thumb/webtoon/785253/thumbnail/thumbnail_IMAG21_a9f2b315-32d8-48bf-afbe-4ccdef9cd8d7.jpg
21815,월요일,히어로메이커,https://shared-comic.pstatic.net/thumb/webtoon/21815/thumbnail/thumbnail_IMAG21_7292511306663934265.jpg
752414,월요일,리턴 투 플레이어,https://shared-comic.pstatic.net/thumb/webtoon/752414/thumbnail/thumbnail_IMAG21_1cd6a917-c7d5-41f5-8303-8f5fd774c83c.jpg
802039,월요일,루루라라 우리네 인생,https://shared-comic.pstatic.net/thumb/webtoon/802039/thumbnail/thumbnail_IMAG21_a7a82a34-586c-4acf-b6f2-ab052be786f1.jpg
774040,월요일,"또다시, 계약 부부",https://shared-comic.pstatic.net/thumb/webtoon/774040/thumbnail/thumbnail_IMAG21_7365182423173379889.jpg
758666,월요일,꼬리잡기,https://shared-comic.pstatic.net/thumb/webtoon/758666/thumbnail/thumbnail_IMAG21_7364564497641911606.jpg
794421,월요일,북부 공작님을 유혹하겠습니다,https://shared-comic.pstatic.net/thumb/webtoon/794421/thumbnail/thumbnail_IMAG21_7149805464895174963.jpg
802854,월요일,주작연애,https://shared-comic.pstatic.net/thumb/webtoon/802854/thumbnail/thumbnail_IMAG21_8acfafa7-d1db-42fa-9e01-3b7500650e11.jpg
772725,월요일,물어보는 사이,https://shared-comic.pstatic.net/thumb/webtoon/772725/thumbnail/thumbnail_IMAG21_01ef5c01-bc0b-4314-a644-01b635a48a2c.jpg
761461,월요일,순정말고 순종,https://shared-comic.pstatic.net/thumb/webtoon/761461/thumbnail/thumbnail_IMAG21_3774632640345486128.jpg
803518,월요일,서브 남주가 파업하면 생기는 일,https://shared-comic.pstatic.net/thumb/webtoon/803518/thumbnail/thumbnail_IMAG21_32d146f5-7e22-4fe4-bc73-92b2e446d7f7.jpg
802551,월요일,너를 돌려차는 방법,https://shared-comic.pstatic.net/thumb/webtoon/802551/thumbnail/thumbnail_IMAG21_04fdcd36-c440-4feb-8b3d-573b3584a32f.jpg
741891,월요일,결혼생활 그림일기,https://shared-comic.pstatic.net/thumb/webtoon/741891/thumbnail/thumbnail_IMAG21_47b971e4-00b6-451b-862e-1060bae5a80d.jpg
800333,월요일,사이다걸,https://shared-comic.pstatic.net/thumb/webtoon/800333/thumbnail/thumbnail_IMAG21_bc491ae3-1eb3-40e3-b332-096f164c6bcb.jpg
801827,월요일,랭커,https://shared-comic.pstatic.net/thumb/webtoon/801827/thumbnail/thumbnail_IMAG21_46875d4a-190f-4663-bac5-0d3003263646.jpg
801710,월요일,인섹터,https://shared-comic.pstatic.net/thumb/webtoon/801710/thumbnail/thumbnail_IMAG21_b65d115a-9224-4d45-9773-18addbc432d3.jpg
769663,월요일,더블클릭,https://shared-comic.pstatic.net/thumb/webtoon/769663/thumbnail/thumbnail_IMAG21_935bf47d-9219-4f45-8a58-d5a7af13ce51.jpg
734574,월요일,영앤리치가 아니야!,https://shared-comic.pstatic.net/thumb/webtoon/734574/thumbnail/thumbnail_IMAG21_8688bbf6-1067-465b-9070-4fef7c1ab1cd.jpg
783535,월요일,제왕: 빛과 그림자,https://shared-comic.pstatic.net/thumb/webtoon/783535/thumbnail/thumbnail_IMAG21_ee9ba193-055d-45d6-b058-4bd18e0444aa.jpg
758671,월요일,황제와의 하룻밤,https://shared-comic.pstatic.net/thumb/webtoon/758671/thumbnail/thumbnail_IMAG21_8aae95b7-25f1-44f9-8d5a-928482235580.jpg
768534,월요일,수영만화일기,https://shared-comic.pstatic.net/thumb/webtoon/768534/thumbnail/thumbnail_IMAG21_25248bb7-e4d2-41ea-b011-9553c343330b.jpg
780414,월요일,오빠집이 비어서,https://shared-comic.pstatic.net/thumb/webtoon/780414/thumbnail/thumbnail_IMAG21_2a438429-a54e-4b7f-b1f5-f1c361b73daa.jpg
791205,월요일,파운더,https://shared-comic.pstatic.net/thumb/webtoon/791205/thumbnail/thumbnail_IMAG21_7149240538535388720.jpg
793662,월요일,흔들리는 세계로부터,https://shared-comic.pstatic.net/thumb/webtoon/793662/thumbnail/thumbnail_IMAG21_97fb792e-54d4-47c9-8bf1-2b749f14050c.jpg
800034,월요일,헬크래프트,https://shared-comic.pstatic.net/thumb/webtoon/800034/thumbnail/thumbnail_IMAG21_a340a6df-b77c-436a-a729-70927915634d.jpg
687915,월요일,꿈의 기업,https://shared-comic.pstatic.net/thumb/webtoon/687915/thumbnail/thumbnail_IMAG21_d46ad6b8-e9a8-4bc8-b501-e62adfee0eb6.jpg
793274,월요일,다시쓰는 연애사,https://shared-comic.pstatic.net/thumb/webtoon/793274/thumbnail/thumbnail_IMAG21_25a04dea-a6d3-4232-8c86-35bec996fde1.jpg
791616,월요일,미니어처 생활백서,https://shared-comic.pstatic.net/thumb/webtoon/791616/thumbnail/thumbnail_IMAG21_4136100197482837305.jpg
803123,월요일,연애 연기대상,https://shared-comic.pstatic.net/thumb/webtoon/803123/thumbnail/thumbnail_IMAG21_4a7c5fbd-fe54-484c-a2e6-0ec548fbbb5c.jpg
774703,월요일,"아, 쫌 참으세요 영주님!",https://shared-comic.pstatic.net/thumb/webtoon/774703/thumbnail/thumbnail_IMAG21_b33df570-a89d-42c7-bcfb-6a946c4b8846.jpg
780881,월요일,이제야 연애,https://shared-comic.pstatic.net/thumb/webtoon/780881/thumbnail/thumbnail_IMAG21_7089337839370188646.jpg
796903,월요일,불청객,https://shared-comic.pstatic.net/thumb/webtoon/796903/thumbnail/thumbnail_IMAG21_3775813335458735414.jpg
796059,월요일,우산 없는 애,https://shared-comic.pstatic.net/thumb/webtoon/796059/thumbnail/thumbnail_IMAG21_dacecec6-8bea-47b2-b91a-3a1bb19fae21.jpg
802033,월요일,"집사, 주세요!",https://shared-comic.pstatic.net/thumb/webtoon/802033/thumbnail/thumbnail_IMAG21_ccce5530-0976-4a0d-b76c-d54c5620cdd5.jpg
756140,월요일,라서드,https://shared-comic.pstatic.net/thumb/webtoon/756140/thumbnail/thumbnail_IMAG21_7c527b6e-773f-40c8-aa1a-5cbd9e7dc482.jpg
774302,월요일,하루의 하루,https://shared-comic.pstatic.net/thumb/webtoon/774302/thumbnail/thumbnail_IMAG21_4121973654889457249.jpg
785250,월요일,원작은 완결난 지 한참 됐습니다만,https://shared-comic.pstatic.net/thumb/webtoon/785250/thumbnail/thumbnail_IMAG21_7161678201150071138.jpg
798277,월요일,아슈타르테,https://shared-comic.pstatic.net/thumb/webtoon/798277/thumbnail/thumbnail_IMAG21_7295ad46-853c-4bd9-8ddf-0c2367734813.jpg
793944,월요일,오늘의 비너스,https://shared-comic.pstatic.net/thumb/webtoon/793944/thumbnail/thumbnail_IMAG21_0c4cd9dc-26bc-4977-88ab-ec2939612bba.jpg
758667,월요일,사랑의 헌옷수거함,https://shared-comic.pstatic.net/thumb/webtoon/758667/thumbnail/thumbnail_IMAG21_3689910875657090614.jpg
797253,월요일,메리의 불타는 행복회로,https://shared-comic.pstatic.net/thumb/webtoon/797253/thumbnail/thumbnail_IMAG21_3adf296f-505b-4824-98b0-61c28432fb2d.jpg
791062,월요일,매지컬 급식:암살법사,https://shared-comic.pstatic.net/thumb/webtoon/791062/thumbnail/thumbnail_IMAG21_3688502388424061793.jpg
801517,월요일,퇴근 후에 만나요,https://shared-comic.pstatic.net/thumb/webtoon/801517/thumbnail/thumbnail_IMAG21_367cd061-1a23-4f5c-8952-06a777ebe8a4.jpg
745654,월요일,백호랑,https://shared-comic.pstatic.net/thumb/webtoon/745654/thumbnail/thumbnail_IMAG21_3978989878055821874.jpg
791629,월요일,입술이 예쁜 남자,https://shared-comic.pstatic.net/thumb/webtoon/791629/thumbnail/thumbnail_IMAG21_4122541015824753209.jpg
798293,월요일,굿바이 유교보이,https://shared-comic.pstatic.net/thumb/webtoon/798293/thumbnail/thumbnail_IMAG21_fcea0ff3-a906-43f7-b801-aaf8a2d48b23.jpg
791058,월요일,아마도,https://shared-comic.pstatic.net/thumb/webtoon/791058/thumbnail/thumbnail_IMAG21_3688559386884584497.jpg
772243,월요일,모스크바의 여명,https://shared-comic.pstatic.net/thumb/webtoon/772243/thumbnail/thumbnail_IMAG21_3918807214864216674.jpg
772734,월요일,최후의 금빛아이,https://shared-comic.pstatic.net/thumb/webtoon/772734/thumbnail/thumbnail_IMAG21_7161620837452636770.jpg
800618,월요일,도깨비 부른다,https://shared-comic.pstatic.net/thumb/webtoon/800618/thumbnail/thumbnail_IMAG21_0e4be823-3c99-480c-923a-eaa554b46646.jpg
791256,월요일,파견체,https://shared-comic.pstatic.net/thumb/webtoon/791256/thumbnail/thumbnail_IMAG21_3833187132113172581.jpg
793067,월요일,버그이터,https://shared-comic.pstatic.net/thumb/webtoon/793067/thumbnail/thumbnail_IMAG21_3544444194497192757.jpg
783525,월요일,악녀 18세 공략기,https://shared-comic.pstatic.net/thumb/webtoon/783525/thumbnail/thumbnail_IMAG21_7221069237323903332.jpg
792780,월요일,경비실에서 안내방송 드립니다,https://shared-comic.pstatic.net/thumb/webtoon/792780/thumbnail/thumbnail_IMAG21_3617014355049527398.jpg
788170,월요일,나만의 고막남친,https://shared-comic.pstatic.net/thumb/webtoon/788170/thumbnail/thumbnail_IMAG21_7221576313225962034.jpg
794156,월요일,지옥연애환담,https://shared-comic.pstatic.net/thumb/webtoon/794156/thumbnail/thumbnail_IMAG21_759dc2a2-7315-4c34-a980-36e176614795.jpeg
794939,월요일,루크 비셸 따라잡기,https://shared-comic.pstatic.net/thumb/webtoon/794939/thumbnail/thumbnail_IMAG21_78e1e689-f14c-4fe4-a9fa-27953c051124.jpg
794942,월요일,모노마니아,https://shared-comic.pstatic.net/thumb/webtoon/794942/thumbnail/thumbnail_IMAG21_706ebfb9-6fa3-4834-bdd3-afd8e5dc8601.jpg
785749,월요일,슈퍼스타 천대리,https://shared-comic.pstatic.net/thumb/webtoon/785749/thumbnail/thumbnail_IMAG21_e9bd8985-7e0d-4ee0-93f3-1d9402a2608c.jpg
769801,월요일,사막에 핀 달,https://shared-comic.pstatic.net/thumb/webtoon/769801/thumbnail/thumbnail_IMAG21_7305454743905843000.jpg
792317,월요일,결혼공략,https://shared-comic.pstatic.net/thumb/webtoon/792317/thumbnail/thumbnail_IMAG21_4579e6e8-718f-469f-a1de-60817cc56a3c.jpg
776256,월요일,역주행!,https://shared-comic.pstatic.net/thumb/webtoon/776256/thumbnail/thumbnail_IMAG21_c6cc43e3-04e0-4620-88d7-688d4c06d19f.jpg
796368,월요일,세번째 로망스,https://shared-comic.pstatic.net/thumb/webtoon/796368/thumbnail/thumbnail_IMAG21_3619035252408070451.jpg
789591,월요일,디나운스,https://shared-comic.pstatic.net/thumb/webtoon/789591/thumbnail/thumbnail_IMAG21_7005123160025948516.jpg
786979,월요일,별을 쫓는 소년들,https://shared-comic.pstatic.net/thumb/webtoon/786979/thumbnail/thumbnail_IMAG21_495b3195-2185-458e-a07b-4af0f4ff6532.jpg
799868,월요일,행운을 부탁해!,https://shared-comic.pstatic.net/thumb/webtoon/799868/thumbnail/thumbnail_IMAG21_edfa4344-9f13-4a6c-8b9f-00d08cf37a1d.jpg
764623,월요일,오로지 오로라,https://shared-comic.pstatic.net/thumb/webtoon/764623/thumbnail/thumbnail_IMAG21_7305232428546929716.jpg
783053,화요일,김부장,https://shared-comic.pstatic.net/thumb/webtoon/783053/thumbnail/thumbnail_IMAG21_d7732f14-26da-4e35-8762-660cc87b53f1.jpg
790713,화요일,대학원 탈출일지,https://shared-comic.pstatic.net/thumb/webtoon/790713/thumbnail/thumbnail_IMAG21_3919364435331003700.jpg
801589,화요일,놓지마 정신줄 시즌3,https://shared-comic.pstatic.net/thumb/webtoon/801589/thumbnail/thumbnail_IMAG21_1b439234-e17d-4fb8-9eef-5d2d4173234c.jpg
784248,화요일,내가 키운 S급들,https://shared-comic.pstatic.net/thumb/webtoon/784248/thumbnail/thumbnail_IMAG21_20a8aca7-23d3-4bc0-9916-a31ebc884ca8.jpg
703846,화요일,여신강림,https://shared-comic.pstatic.net/thumb/webtoon/703846/thumbnail/thumbnail_IMAG21_3617626786448291892.jpg
773522,화요일,1을 줄게,https://shared-comic.pstatic.net/thumb/webtoon/773522/thumbnail/thumbnail_IMAG21_3832625290197426742.jpg
796152,화요일,마루는 강쥐,https://shared-comic.pstatic.net/thumb/webtoon/796152/thumbnail/thumbnail_IMAG21_26b9c1d8-ca2d-4fc7-87ea-a3334634236a.jpg
789979,화요일,멸망 이후의 세계,https://shared-comic.pstatic.net/thumb/webtoon/789979/thumbnail/thumbnail_IMAG21_3918466168707821881.jpg
738174,화요일,중증외상센터 : 골든 아워,https://shared-comic.pstatic.net/thumb/webtoon/738174/thumbnail/thumbnail_IMAG21_7018354682806481716.jpg
738487,화요일,하루만 네가 되고 싶어,https://shared-comic.pstatic.net/thumb/webtoon/738487/thumbnail/thumbnail_IMAG21_66eac5ec-876b-469e-ab05-81261fddde8d.jpg
802389,화요일,궤짝,https://shared-comic.pstatic.net/thumb/webtoon/802389/thumbnail/thumbnail_IMAG21_2a61354b-b0b9-4852-a8ed-db5e903618cc.jpg
773459,화요일,용사가 돌아왔다,https://shared-comic.pstatic.net/thumb/webtoon/773459/thumbnail/thumbnail_IMAG21_9824d244-dfbd-4edb-8d4f-d7d4963dc2e8.jpg
721433,화요일,집이 없어,https://shared-comic.pstatic.net/thumb/webtoon/721433/thumbnail/thumbnail_IMAG21_c907f727-e522-4517-952e-398ea95d2efb.jpg
711422,화요일,삼국지톡,https://shared-comic.pstatic.net/thumb/webtoon/711422/thumbnail/thumbnail_IMAG21_fd8cb5db-01ab-4c7b-a2a9-920d4479d5f7.jpg
774358,화요일,천마는 평범하게 살 수 없다,https://shared-comic.pstatic.net/thumb/webtoon/774358/thumbnail/thumbnail_IMAG21_82c2edef-2f7f-4376-97e1-ff302b35e627.jpg
719508,화요일,헬58,https://shared-comic.pstatic.net/thumb/webtoon/719508/thumbnail/thumbnail_IMAG21_4049636999763944505.jpg
793283,화요일,악몽의 형상,https://shared-comic.pstatic.net/thumb/webtoon/793283/thumbnail/thumbnail_IMAG21_4136055320174945841.jpg
783877,화요일,하북팽가 막내아들,https://shared-comic.pstatic.net/thumb/webtoon/783877/thumbnail/thumbnail_IMAG21_3904965231037146418.jpg
802840,화요일,저 그런 인재 아닙니다,https://shared-comic.pstatic.net/thumb/webtoon/802840/thumbnail/thumbnail_IMAG21_1ae41652-be65-4c1d-be08-8df716aaa41c.jpg
702608,화요일,랜덤채팅의 그녀!,https://shared-comic.pstatic.net/thumb/webtoon/702608/thumbnail/thumbnail_IMAG21_7005692479348499809.jpg
801711,화요일,시한부인 줄 알았어요!,https://shared-comic.pstatic.net/thumb/webtoon/801711/thumbnail/thumbnail_IMAG21_bf581fbe-7d3d-4ff6-bfd3-a973f3c65aa1.jpg
757904,화요일,호랑이 들어와요,https://shared-comic.pstatic.net/thumb/webtoon/757904/thumbnail/thumbnail_IMAG21_f3e09476-b052-4599-b619-4b2aba154143.jpg
798326,화요일,시체기사 군터,https://shared-comic.pstatic.net/thumb/webtoon/798326/thumbnail/thumbnail_IMAG21_f29b4498-410e-483e-b392-5111ed62b3a8.jpg
766648,화요일,위아더좀비,https://shared-comic.pstatic.net/thumb/webtoon/766648/thumbnail/thumbnail_IMAG21_3977861984512325425.jpg
795658,화요일,초인의 게임,https://shared-comic.pstatic.net/thumb/webtoon/795658/thumbnail/thumbnail_IMAG21_9771c54c-af6a-477c-9243-2b3bb784aae6.jpg
732988,화요일,올가미,https://shared-comic.pstatic.net/thumb/webtoon/732988/thumbnail/thumbnail_IMAG21_3763100953716666469.jpg
698918,화요일,원주민 공포만화,https://shared-comic.pstatic.net/thumb/webtoon/698918/thumbnail/thumbnail_IMAG21_3689346629442483042.jpg
802872,화요일,DARK MOON: 회색 도시,https://shared-comic.pstatic.net/thumb/webtoon/802872/thumbnail/thumbnail_IMAG21_c80f6d62-0971-4806-9aa5-9cc0d9e5599e.jpg
616239,화요일,윌유메리미,https://shared-comic.pstatic.net/thumb/webtoon/616239/thumbnail/thumbnail_IMAG21_7c320dd0-7f6e-4645-b82b-e46752ed7375.jpg
770068,화요일,나타나주세요!,https://shared-comic.pstatic.net/thumb/webtoon/770068/thumbnail/thumbnail_IMAG21_eb437c0f-885d-4758-a36d-d424d270975c.jpg
778963,화요일,덴큐,https://shared-comic.pstatic.net/thumb/webtoon/778963/thumbnail/thumbnail_IMAG21_3918805901429191730.jpg
789478,화요일,늑대처럼 홀로,https://shared-comic.pstatic.net/thumb/webtoon/789478/thumbnail/thumbnail_IMAG21_7305513022303330866.jpg
740034,화요일,견우와 선녀,https://shared-comic.pstatic.net/thumb/webtoon/740034/thumbnail/thumbnail_IMAG21_4122589587559375417.jpg
803010,화요일,로맨스가 가능해,https://shared-comic.pstatic.net/thumb/webtoon/803010/thumbnail/thumbnail_IMAG21_39c36855-22e9-43eb-b0af-65fe8204d568.jpg
785703,화요일,애옹식당,https://shared-comic.pstatic.net/thumb/webtoon/785703/thumbnail/thumbnail_IMAG21_020a4de1-984b-4343-8735-55970b9fda68.jpg
741449,화요일,용왕님의 셰프가 되었습니다,https://shared-comic.pstatic.net/thumb/webtoon/741449/thumbnail/thumbnail_IMAG21_7cc5de94-a52d-473c-bdb7-f5c24188fac7.jpg
800506,화요일,웅크,https://shared-comic.pstatic.net/thumb/webtoon/800506/thumbnail/thumbnail_IMAG21_21640049-34da-44e5-82d7-bbb7aca3a3f8.jpg
799250,화요일,헥토파스칼,https://shared-comic.pstatic.net/thumb/webtoon/799250/thumbnail/thumbnail_IMAG21_cc84475a-58c8-4e66-a26b-2a08be6a1f24.jpg
765156,화요일,빌런투킬,https://shared-comic.pstatic.net/thumb/webtoon/765156/thumbnail/thumbnail_IMAG21_09f17695-7f1a-43c1-9515-3debf026e2ed.jpg
654138,화요일,은주의 방 2~3부,https://shared-comic.pstatic.net/thumb/webtoon/654138/thumbnail/thumbnail_IMAG21_3559587746721839161.jpg
400739,화요일,에이머,https://shared-comic.pstatic.net/thumb/webtoon/400739/thumbnail/thumbnail_IMAG21_b5046846-5af7-48a9-9b20-b0b07cf0c904.jpeg
784518,화요일,"대공님, 실수였어요!",https://shared-comic.pstatic.net/thumb/webtoon/784518/thumbnail/thumbnail_IMAG21_b2349a45-d20d-4d21-84db-6006d2d8e976.jpg
797582,화요일,로잘린 보가트,https://shared-comic.pstatic.net/thumb/webtoon/797582/thumbnail/thumbnail_IMAG21_88ddda2c-0207-48e7-a2ff-071f1700df2e.jpeg
753839,화요일,빅맨,https://shared-comic.pstatic.net/thumb/webtoon/753839/thumbnail/thumbnail_IMAG21_3835153067459896165.jpg
801820,화요일,햄버거가 제일 좋아,https://shared-comic.pstatic.net/thumb/webtoon/801820/thumbnail/thumbnail_IMAG21_a51966fd-46f0-478c-b188-1f828610af10.jpg
798101,화요일,왕게임,https://shared-comic.pstatic.net/thumb/webtoon/798101/thumbnail/thumbnail_IMAG21_766e3761-228a-4c04-97b8-6f0ef13cf35b.jpg
786883,화요일,또 다른 사랑,https://shared-comic.pstatic.net/thumb/webtoon/786883/thumbnail/thumbnail_IMAG21_e9ab69a2-367a-411a-82f5-80f6f83e7c9c.jpg
767908,화요일,아이즈,https://shared-comic.pstatic.net/thumb/webtoon/767908/thumbnail/thumbnail_IMAG21_133544d1-6655-47ac-99ce-00da2f3cdc17.jpg
800726,화요일,사표내고 이계에서 힐링합니다,https://shared-comic.pstatic.net/thumb/webtoon/800726/thumbnail/thumbnail_IMAG21_f8d6b47c-3af0-49ef-9aa7-3b6ea28e4aa8.jpg
789029,화요일,한입만!,https://shared-comic.pstatic.net/thumb/webtoon/789029/thumbnail/thumbnail_IMAG21_7365127438884483171.jpg
764622,화요일,풋내기들,https://shared-comic.pstatic.net/thumb/webtoon/764622/thumbnail/thumbnail_IMAG21_6b14f40c-5fb1-4844-ad03-39a80947f4f9.jpg
791126,화요일,내남친 킹카만들기,https://shared-comic.pstatic.net/thumb/webtoon/791126/thumbnail/thumbnail_IMAG21_b3c5cfcc-aba4-4ba6-b010-8c740c2cbc85.jpg
794965,화요일,사공은주,https://shared-comic.pstatic.net/thumb/webtoon/794965/thumbnail/thumbnail_IMAG21_63390970-e54c-497e-8f6d-e5cbaf78d490.jpg
761601,화요일,열녀박씨 계약결혼뎐,https://shared-comic.pstatic.net/thumb/webtoon/761601/thumbnail/thumbnail_IMAG21_7075830540882962020.jpg
798100,화요일,쿠쿠쿠쿠,https://shared-comic.pstatic.net/thumb/webtoon/798100/thumbnail/thumbnail_IMAG21_534781c7-b360-4d30-be0a-034fbff24682.jpg
794105,화요일,주인님을 잡아먹는 방법,https://shared-comic.pstatic.net/thumb/webtoon/794105/thumbnail/thumbnail_IMAG21_3472385699374982200.jpg
676695,화요일,제로게임,https://shared-comic.pstatic.net/thumb/webtoon/676695/thumbnail/thumbnail_IMAG21_2772f374-0d51-4285-a83c-f06a476cbadc.jpg
797413,화요일,여우자매,https://shared-comic.pstatic.net/thumb/webtoon/797413/thumbnail/thumbnail_IMAG21_73867e77-dbde-41d6-b66f-2927c7f9a4db.jpg
796618,화요일,1331,https://shared-comic.pstatic.net/thumb/webtoon/796618/thumbnail/thumbnail_IMAG21_7089010206279284020.jpg
797259,화요일,"이 결혼, 새로고침",https://shared-comic.pstatic.net/thumb/webtoon/797259/thumbnail/thumbnail_IMAG21_4135202076969481273.jpg
789682,화요일,짝사랑의 마침표,https://shared-comic.pstatic.net/thumb/webtoon/789682/thumbnail/thumbnail_IMAG21_3919650523910923320.jpg
773793,화요일,필리아로제 - 가시왕관의 예언,https://shared-comic.pstatic.net/thumb/webtoon/773793/thumbnail/thumbnail_IMAG21_3688508805038170930.jpg
797760,화요일,마침내 사랑이에요 마왕님!,https://shared-comic.pstatic.net/thumb/webtoon/797760/thumbnail/thumbnail_IMAG21_23126df1-63b2-4998-8a77-99bfa3e598cc.jpg
785726,화요일,이븐 모어,https://shared-comic.pstatic.net/thumb/webtoon/785726/thumbnail/thumbnail_IMAG21_7076342905433045350.jpg
800400,화요일,AI 유하,https://shared-comic.pstatic.net/thumb/webtoon/800400/thumbnail/thumbnail_IMAG21_bb74c497-7fa9-48c2-9f4f-4438317ff0c8.jpg
752532,화요일,연우의 순정,https://shared-comic.pstatic.net/thumb/webtoon/752532/thumbnail/thumbnail_IMAG21_e0dbfa33-e13c-4adc-bf63-a5b26b4a2a3e.jpg
770477,화요일,그녀석 정복기,https://shared-comic.pstatic.net/thumb/webtoon/770477/thumbnail/thumbnail_IMAG21_352e4a32-9adc-4954-a7b0-ce0ff6cd5243.jpeg
797943,화요일,원수가 나를 유혹할 때,https://shared-comic.pstatic.net/thumb/webtoon/797943/thumbnail/thumbnail_IMAG21_6733cb7f-79aa-4ecd-8a22-ed34a17684d8.jpg
769551,화요일,대신 심부름을 해다오,https://shared-comic.pstatic.net/thumb/webtoon/769551/thumbnail/thumbnail_IMAG21_3617628762170143538.jpg
783518,화요일,그 남주와 이별하는 방법,https://shared-comic.pstatic.net/thumb/webtoon/783518/thumbnail/thumbnail_IMAG21_7147551697234442294.jpg
771018,화요일,찐:종합게임동아리,https://shared-comic.pstatic.net/thumb/webtoon/771018/thumbnail/thumbnail_IMAG21_3762818380117075513.jpg
770030,화요일,급식러너,https://shared-comic.pstatic.net/thumb/webtoon/770030/thumbnail/thumbnail_IMAG21_3760841466767095601.jpg
778228,화요일,교환학생,https://shared-comic.pstatic.net/thumb/webtoon/778228/thumbnail/thumbnail_IMAG21_4051047668904440884.jpg
795649,화요일,달이 사라진 밤,https://shared-comic.pstatic.net/thumb/webtoon/795649/thumbnail/thumbnail_IMAG21_3761407509066233649.jpg
790705,화요일,잿빛오름,https://shared-comic.pstatic.net/thumb/webtoon/790705/thumbnail/thumbnail_IMAG21_4121184407407309921.jpg
790776,화요일,붉은 이정표,https://shared-comic.pstatic.net/thumb/webtoon/790776/thumbnail/thumbnail_IMAG21_683f454e-5f7a-416b-936b-8a06cb1c3cae.jpeg
766966,화요일,태시트,https://shared-comic.pstatic.net/thumb/webtoon/766966/thumbnail/thumbnail_IMAG21_7077515877376537444.jpg
797258,화요일,"너의 순정, 나의 순정",https://shared-comic.pstatic.net/thumb/webtoon/797258/thumbnail/thumbnail_IMAG21_7293970135255232568.jpg
777226,화요일,벽간소음,https://shared-comic.pstatic.net/thumb/webtoon/777226/thumbnail/thumbnail_IMAG21_b1da0571-8786-4cb7-a44a-7fdf07c43ed0.
794671,화요일,마녀이야기,https://shared-comic.pstatic.net/thumb/webtoon/794671/thumbnail/thumbnail_IMAG21_02d30407-901e-407d-9fdf-92ab5968c031.jpg
783769,수요일,내 남편과 결혼해줘,https://shared-comic.pstatic.net/thumb/webtoon/783769/thumbnail/thumbnail_IMAG21_fc14e4e2-e62f-4d77-8f46-9fb05cffa77a.jpeg
747269,수요일,전지적 독자 시점,https://shared-comic.pstatic.net/thumb/webtoon/747269/thumbnail/thumbnail_IMAG21_3546074950629798755.jpg
670143,수요일,헬퍼 2 : 킬베로스,https://shared-comic.pstatic.net/thumb/webtoon/670143/thumbnail/thumbnail_IMAG21_12d5d293-d54d-4022-8e00-c97c5779c701.jpg
784255,수요일,먹는 인생,https://shared-comic.pstatic.net/thumb/webtoon/784255/thumbnail/thumbnail_IMAG21_7003999451307455078.jpg
701535,수요일,격기3반,https://shared-comic.pstatic.net/thumb/webtoon/701535/thumbnail/thumbnail_IMAG21_2abe5b1a-9104-417f-9995-0db15c6db7be.jpg
791253,수요일,비즈니스 여친,https://shared-comic.pstatic.net/thumb/webtoon/791253/thumbnail/thumbnail_IMAG21_7018352273394119991.jpg
783056,수요일,여고생 드래곤,https://shared-comic.pstatic.net/thumb/webtoon/783056/thumbnail/thumbnail_IMAG21_3775197790073796145.jpg
717481,수요일,일렉시드,https://shared-comic.pstatic.net/thumb/webtoon/717481/thumbnail/thumbnail_IMAG21_3545800975505057126.jpg
775141,수요일,66666년 만에 환생한 흑마법사,https://shared-comic.pstatic.net/thumb/webtoon/775141/thumbnail/thumbnail_IMAG21_11d97e88-9ccf-4e7a-a10d-dde42725e3fa.jpg
738694,수요일,튜토리얼 탑의 고인물,https://shared-comic.pstatic.net/thumb/webtoon/738694/thumbnail/thumbnail_IMAG21_7366031057188643120.jpg
742105,수요일,미래의 골동품 가게,https://shared-comic.pstatic.net/thumb/webtoon/742105/thumbnail/thumbnail_IMAG21_a3860cc1-f927-4031-92fd-8d89b9801127.jpg
783523,수요일,내가 죽기로 결심한 것은,https://shared-comic.pstatic.net/thumb/webtoon/783523/thumbnail/thumbnail_IMAG21_cc413d42-89ab-4c7d-a28c-0f698acb169b.jpg
750184,수요일,나쁜사람,https://shared-comic.pstatic.net/thumb/webtoon/750184/thumbnail/thumbnail_IMAG21_4049077335359959091.jpg
784417,수요일,무림서부,https://shared-comic.pstatic.net/thumb/webtoon/784417/thumbnail/thumbnail_IMAG21_f997ffe9-465a-4be8-a0bb-b5d0ef5cedea.jpg
758662,수요일,급식아빠,https://shared-comic.pstatic.net/thumb/webtoon/758662/thumbnail/thumbnail_IMAG21_33e16ce6-4ee6-4428-8f7b-450eccd17228.jpg
667573,수요일,연놈,https://shared-comic.pstatic.net/thumb/webtoon/667573/thumbnail/thumbnail_IMAG21_095997c8-effc-4722-8157-baeaaa439930.jpg
748535,수요일,마른 가지에 바람처럼,https://shared-comic.pstatic.net/thumb/webtoon/748535/thumbnail/thumbnail_IMAG21_fbaf72e0-c829-44ad-b56c-5c60a9fd5705.jpg
795542,수요일,칼에 취한 밤을 걷다,https://shared-comic.pstatic.net/thumb/webtoon/795542/thumbnail/thumbnail_IMAG21_3703756833080816441.jpg
750826,수요일,빌드업,https://shared-comic.pstatic.net/thumb/webtoon/750826/thumbnail/thumbnail_IMAG21_8bf7d36d-d865-4df0-b76f-f72f288bb2cd.jpg
748536,수요일,사상최강,https://shared-comic.pstatic.net/thumb/webtoon/748536/thumbnail/thumbnail_IMAG21_f5ccf206-ed7d-42ae-9452-c11cb188474b.jpg
728126,수요일,고삼무쌍,https://shared-comic.pstatic.net/thumb/webtoon/728126/thumbnail/thumbnail_IMAG21_7148391724836479793.jpg
760001,수요일,하렘의 남자들,https://shared-comic.pstatic.net/thumb/webtoon/760001/thumbnail/thumbnail_IMAG21_c62cf78d-b346-49cf-b847-3062fc51500b.jpg
797443,수요일,운명을 보는 회사원,https://shared-comic.pstatic.net/thumb/webtoon/797443/thumbnail/thumbnail_IMAG21_cea05bf8-ab6b-4f19-8cd9-dd8c31ed1677.jpg
799267,수요일,"안녕, 나의 수집",https://shared-comic.pstatic.net/thumb/webtoon/799267/thumbnail/thumbnail_IMAG21_f522ff4f-4f7c-40bf-b9f2-f58d049d4a82.jpg
789434,수요일,베스트 프렌드,https://shared-comic.pstatic.net/thumb/webtoon/789434/thumbnail/thumbnail_IMAG21_3558519244808479285.jpg
710747,수요일,세상은 돈과 권력,https://shared-comic.pstatic.net/thumb/webtoon/710747/thumbnail/thumbnail_IMAG21_3545518418129085537.jpg
802835,수요일,겨울 정원의 하와르,https://shared-comic.pstatic.net/thumb/webtoon/802835/thumbnail/thumbnail_IMAG21_4289191f-b053-4bad-a004-701a7d674869.jpg
802940,수요일,행성인간2: 행성의,https://shared-comic.pstatic.net/thumb/webtoon/802940/thumbnail/thumbnail_IMAG21_20a9adba-9cf6-48db-8e14-19665716b835.jpg
800312,수요일,이십팔세기 광팬,https://shared-comic.pstatic.net/thumb/webtoon/800312/thumbnail/thumbnail_IMAG21_90520e55-609b-4015-8260-974081bce964.jpg
790404,수요일,쓰레기는 쓰레기통에!,https://shared-comic.pstatic.net/thumb/webtoon/790404/thumbnail/thumbnail_IMAG21_7003768369134724150.jpg
725829,수요일,아도나이,https://shared-comic.pstatic.net/thumb/webtoon/725829/thumbnail/thumbnail_IMAG21_7147552783858085986.jpg
730425,수요일,판타지 여동생!,https://shared-comic.pstatic.net/thumb/webtoon/730425/thumbnail/thumbnail_IMAG21_3835209134721021750.jpg
783861,수요일,헤어지면 죽음,https://shared-comic.pstatic.net/thumb/webtoon/783861/thumbnail/thumbnail_IMAG21_7571ae6b-a37c-4d12-8193-cb79c857cfaa.jpg
793887,수요일,물고기로 살아남기,https://shared-comic.pstatic.net/thumb/webtoon/793887/thumbnail/thumbnail_IMAG21_313436b8-ff98-4a9e-98dc-dc2e4839a65e.jpg
671421,수요일,언덕 위의 제임스,https://shared-comic.pstatic.net/thumb/webtoon/671421/thumbnail/thumbnail_IMAG21_7643171d-08fb-40a8-9da1-813a3b7e784f.jpg
801950,수요일,고교흥신소,https://shared-comic.pstatic.net/thumb/webtoon/801950/thumbnail/thumbnail_IMAG21_6be7579d-98b8-420f-b430-8ffdbd36ce2c.jpg
788167,수요일,가짜 동맹,https://shared-comic.pstatic.net/thumb/webtoon/788167/thumbnail/thumbnail_IMAG21_92b8e3ad-1533-4dbf-9f33-29545f7d0aba.jpg
792654,수요일,밀행,https://shared-comic.pstatic.net/thumb/webtoon/792654/thumbnail/thumbnail_IMAG21_dcdba2c7-97f3-4232-bb26-d8e01b715b18.jpg
771718,수요일,수요웹툰의 나강림,https://shared-comic.pstatic.net/thumb/webtoon/771718/thumbnail/thumbnail_IMAG21_8d86de3e-15d5-464e-b448-cbd73b1bd71c.jpg
801593,수요일,사내고충처리반,https://shared-comic.pstatic.net/thumb/webtoon/801593/thumbnail/thumbnail_IMAG21_f551544b-d49b-44b3-8360-fb2594f889ee.jpg
802913,수요일,이런 미친 엔딩,https://shared-comic.pstatic.net/thumb/webtoon/802913/thumbnail/thumbnail_IMAG21_1c4725c3-d63a-473a-a5fb-cb707836ada4.jpg
602916,수요일,칼부림,https://shared-comic.pstatic.net/thumb/webtoon/602916/thumbnail/thumbnail_IMAG21_43cf1d1e-d265-464d-83db-f92dbc3fcf43.jpg
803891,수요일,용한소녀,https://shared-comic.pstatic.net/thumb/webtoon/803891/thumbnail/thumbnail_IMAG21_668eac64-9d55-4c3a-bc5f-8fe862f4c3e6.jpg
755668,수요일,마녀와 용의 신혼일기,https://shared-comic.pstatic.net/thumb/webtoon/755668/thumbnail/thumbnail_IMAG21_4051332219785065524.jpg
735979,수요일,얼굴천재,https://shared-comic.pstatic.net/thumb/webtoon/735979/thumbnail/thumbnail_IMAG21_bd4ebc95-381d-44e8-b149-da438aea8e26.jpg
750558,수요일,로어 올림푸스,https://shared-comic.pstatic.net/thumb/webtoon/750558/thumbnail/thumbnail_IMAG21_7148167415155931235.jpg
765158,수요일,괴물공작의 딸,https://shared-comic.pstatic.net/thumb/webtoon/765158/thumbnail/thumbnail_IMAG21_7378132256276230709.jpg
780253,수요일,두 번 사는 프로듀서,https://shared-comic.pstatic.net/thumb/webtoon/780253/thumbnail/thumbnail_IMAG21_3977352902793638452.jpg
760002,수요일,반귀,https://shared-comic.pstatic.net/thumb/webtoon/760002/thumbnail/thumbnail_IMAG21_7017793712846615395.jpg
801809,수요일,연애고수,https://shared-comic.pstatic.net/thumb/webtoon/801809/thumbnail/thumbnail_IMAG21_6764cc3d-eca6-4875-9e34-7c3b50c78bf3.jpg
796466,수요일,영웅&마왕&악당,https://shared-comic.pstatic.net/thumb/webtoon/796466/thumbnail/thumbnail_IMAG21_2cf2568c-a1c6-4c4f-9a21-94b7c8136893.jpg
793388,수요일,주부 육성중,https://shared-comic.pstatic.net/thumb/webtoon/793388/thumbnail/thumbnail_IMAG21_3481ec05-76fa-4302-9947-7931c6fb8d09.jpg
796062,수요일,좀간,https://shared-comic.pstatic.net/thumb/webtoon/796062/thumbnail/thumbnail_IMAG21_dc14b7fc-c61e-4fdf-9e6c-0108db4a26db.jpg
786189,수요일,잿빛도 색이다,https://shared-comic.pstatic.net/thumb/webtoon/786189/thumbnail/thumbnail_IMAG21_3690476939492538673.jpg
745589,수요일,범이올시다!,https://shared-comic.pstatic.net/thumb/webtoon/745589/thumbnail/thumbnail_IMAG21_6bf46fde-79f2-431a-b4e6-cd2183bb015a.jpg
789652,수요일,인과관계,https://shared-comic.pstatic.net/thumb/webtoon/789652/thumbnail/thumbnail_IMAG21_3a47a8d4-3890-4e1a-aed1-0d5f73dc398d.jpg
783596,수요일,그림자의 밤,https://shared-comic.pstatic.net/thumb/webtoon/783596/thumbnail/thumbnail_IMAG21_d099edbf-d6bd-4acf-8d38-d871eac8e41b.jpg
791140,수요일,메모리얼,https://shared-comic.pstatic.net/thumb/webtoon/791140/thumbnail/thumbnail_IMAG21_28c779aa-48bf-47bc-8a52-fd0ede76a9c5.jpg
797115,수요일,옆집남자 친구,https://shared-comic.pstatic.net/thumb/webtoon/797115/thumbnail/thumbnail_IMAG21_f23ac6eb-318d-4b13-ace0-ddcf76563967.jpg
797105,수요일,홀리데이,https://shared-comic.pstatic.net/thumb/webtoon/797105/thumbnail/thumbnail_IMAG21_adfead7c-d54b-4769-8c7f-8d179a38562d.jpg
799467,수요일,내겐 너무 소란한 결혼,https://shared-comic.pstatic.net/thumb/webtoon/799467/thumbnail/thumbnail_IMAG21_12c13949-64c3-4502-890f-b837cb3cd6f4.jpg
800390,수요일,하얀 사자의 비밀 신부,https://shared-comic.pstatic.net/thumb/webtoon/800390/thumbnail/thumbnail_IMAG21_323eb281-f0b7-4321-8df6-74c9b6b16f61.jpg
801824,수요일,컨트롤,https://shared-comic.pstatic.net/thumb/webtoon/801824/thumbnail/thumbnail_IMAG21_6146d366-35d8-4f43-9987-b84e9e679ebd.jpeg
783532,수요일,안미운 우리들,https://shared-comic.pstatic.net/thumb/webtoon/783532/thumbnail/thumbnail_IMAG21_de631a75-706a-49e0-848a-0251e1dd11f5.jpg
774039,수요일,나의 계절,https://shared-comic.pstatic.net/thumb/webtoon/774039/thumbnail/thumbnail_IMAG21_bc64b2bb-9e8f-45aa-94e5-e17009af9575.jpg
795330,수요일,선배는 나빠요!,https://shared-comic.pstatic.net/thumb/webtoon/795330/thumbnail/thumbnail_IMAG21_76dc830f-e64f-4095-a3f6-712ea83bcc7d.jpg
783534,수요일,구사일생 로맨스,https://shared-comic.pstatic.net/thumb/webtoon/783534/thumbnail/thumbnail_IMAG21_2fee6e6d-99f8-4629-8f9a-dfcc49fcb3ad.jpg
800504,수요일,그 남자의 은밀한 하루,https://shared-comic.pstatic.net/thumb/webtoon/800504/thumbnail/thumbnail_IMAG21_de7f2718-2ed9-4688-890d-fc73b9179c1d.jpg
793696,수요일,재생존경쟁,https://shared-comic.pstatic.net/thumb/webtoon/793696/thumbnail/thumbnail_IMAG21_f5cd80d7-c072-49f4-b2dd-05421a7042a6.jpg
783106,수요일,수호하는 너에게,https://shared-comic.pstatic.net/thumb/webtoon/783106/thumbnail/thumbnail_IMAG21_2d29a43b-0265-4ab7-8dca-2b8bfd656ac1.jpg
772729,수요일,반짝반짝 작은 눈,https://shared-comic.pstatic.net/thumb/webtoon/772729/thumbnail/thumbnail_IMAG21_a3b95562-c1ec-4d31-a2a4-77c177731b29.jpg
799016,수요일,어느 백작 영애의 이중생활,https://shared-comic.pstatic.net/thumb/webtoon/799016/thumbnail/thumbnail_IMAG21_719cf041-6408-4429-85dc-4b2cd2cb930d.jpg
783971,수요일,이별학,https://shared-comic.pstatic.net/thumb/webtoon/783971/thumbnail/thumbnail_IMAG21_3631653028771358256.jpg
791892,수요일,멸종위기종인간,https://shared-comic.pstatic.net/thumb/webtoon/791892/thumbnail/thumbnail_IMAG21_3834359001091564337.jpg
762786,수요일,해귀,https://shared-comic.pstatic.net/thumb/webtoon/762786/thumbnail/thumbnail_IMAG21_7364010121194779187.jpg
791632,수요일,낙원의 이론,https://shared-comic.pstatic.net/thumb/webtoon/791632/thumbnail/thumbnail_IMAG21_0e5ee34e-898a-4106-8652-35525f24afa9.jpg
780137,수요일,"오직, 밝은 미래",https://shared-comic.pstatic.net/thumb/webtoon/780137/thumbnail/thumbnail_IMAG21_7077797366062998579.jpg
794417,수요일,프로듀스 온리원,https://shared-comic.pstatic.net/thumb/webtoon/794417/thumbnail/thumbnail_IMAG21_f7e759de-b5b4-4b40-9bf7-86c0666beb54.jpg
792372,수요일,산의 시간,https://shared-comic.pstatic.net/thumb/webtoon/792372/thumbnail/thumbnail_IMAG21_73240292-aa0a-4bd0-a87f-7e17993c4011.jpg
783595,수요일,필생기,https://shared-comic.pstatic.net/thumb/webtoon/783595/thumbnail/thumbnail_IMAG21_3847254065607488822.jpg
795537,수요일,이 짝사랑은 억울하다!,https://shared-comic.pstatic.net/thumb/webtoon/795537/thumbnail/thumbnail_IMAG21_3991990516407743330.jpg
793113,수요일,우리 은하,https://shared-comic.pstatic.net/thumb/webtoon/793113/thumbnail/thumbnail_IMAG21_7076392177348327014.jpg
800770,목요일,재벌집 막내아들,https://shared-comic.pstatic.net/thumb/webtoon/800770/thumbnail/thumbnail_IMAG21_d2e1e7ee-fc83-4030-a1e7-200378bc088f.jpg
570503,목요일,연애혁명,https://shared-comic.pstatic.net/thumb/webtoon/570503/thumbnail/thumbnail_IMAG21_85e39ba0-3fc6-4ddb-9e78-5e8879b7d3d9.jpg
802293,목요일,앞집나리,https://shared-comic.pstatic.net/thumb/webtoon/802293/thumbnail/thumbnail_IMAG21_6cc3de68-f527-461a-af8f-7edfaf08da91.jpg
747271,목요일,나노마신,https://shared-comic.pstatic.net/thumb/webtoon/747271/thumbnail/thumbnail_IMAG21_701ae78e-794c-417f-b5a8-3adf6f9456aa.jpg
797410,목요일,남편을 죽여줘요,https://shared-comic.pstatic.net/thumb/webtoon/797410/thumbnail/thumbnail_IMAG21_9852442e-217e-4ec7-92a7-21c0ada85dc7.jpg
776255,목요일,천마육성,https://shared-comic.pstatic.net/thumb/webtoon/776255/thumbnail/thumbnail_IMAG21_4121980471072928565.jpg
748105,목요일,독립일기,https://shared-comic.pstatic.net/thumb/webtoon/748105/thumbnail/thumbnail_IMAG21_87f84b6f-a211-4940-8684-f4b8731357eb.jpg
802833,목요일,보스였음,https://shared-comic.pstatic.net/thumb/webtoon/802833/thumbnail/thumbnail_IMAG21_6ba9b7d2-c21a-4e1e-89b5-5b75952e121f.jpg
783888,목요일,현실퀘스트,https://shared-comic.pstatic.net/thumb/webtoon/783888/thumbnail/thumbnail_IMAG21_56cdafe8-11a4-40b7-90a7-2e72b0b20642.jpg
801505,목요일,뮤즈 온 유명,https://shared-comic.pstatic.net/thumb/webtoon/801505/thumbnail/thumbnail_IMAG21_893e0926-523f-4bc1-b7a6-e30af1ec3c6e.jpg
780170,목요일,나 혼자 네크로맨서,https://shared-comic.pstatic.net/thumb/webtoon/780170/thumbnail/thumbnail_IMAG21_c8b82359-da45-480c-95fd-aa9ae794d6be.jpg
746857,목요일,무사만리행,https://shared-comic.pstatic.net/thumb/webtoon/746857/thumbnail/thumbnail_IMAG21_fb7d7fcd-19f1-49eb-9cc8-aae9622cdd04.jpg
795643,목요일,호랑신랑뎐,https://shared-comic.pstatic.net/thumb/webtoon/795643/thumbnail/thumbnail_IMAG21_bf51fa0f-e374-49f8-973d-c17c5385bbef.jpg
796827,목요일,회귀한 천재 헌터의 슬기로운 청소생활,https://shared-comic.pstatic.net/thumb/webtoon/796827/thumbnail/thumbnail_IMAG21_3990814210026202423.jpg
748831,목요일,별을 삼킨 너에게,https://shared-comic.pstatic.net/thumb/webtoon/748831/thumbnail/thumbnail_IMAG21_b08f61b4-c656-4e16-8d07-c3ea3a64c77c.jpg
756137,목요일,노답소녀,https://shared-comic.pstatic.net/thumb/webtoon/756137/thumbnail/thumbnail_IMAG21_d6dc13d4-d2fa-45f8-a199-7a528bdca7d6.jpg
794155,목요일,버려진 나의 최애를 위하여,https://shared-comic.pstatic.net/thumb/webtoon/794155/thumbnail/thumbnail_IMAG21_ff82104f-a8ce-4bf7-9126-a0caf2e1bb1d.jpeg
131385,목요일,쿠베라,https://shared-comic.pstatic.net/thumb/webtoon/131385/thumbnail/thumbnail_IMAG21_1d44dd99-4fef-48b5-81f0-083e83b6c048.jpg
802039,목요일,루루라라 우리네 인생,https://shared-comic.pstatic.net/thumb/webtoon/802039/thumbnail/thumbnail_IMAG21_a7a82a34-586c-4acf-b6f2-ab052be786f1.jpg
570506,목요일,최강전설 강해효,https://shared-comic.pstatic.net/thumb/webtoon/570506/thumbnail/thumbnail_IMAG21_3630857206429464627.jpg
797731,목요일,순정빌런,https://shared-comic.pstatic.net/thumb/webtoon/797731/thumbnail/thumbnail_IMAG21_3d2b5b5a-ffbb-4049-8f85-8caebfcf4243.jpg
798173,목요일,이상한 변호사 우영우,https://shared-comic.pstatic.net/thumb/webtoon/798173/thumbnail/thumbnail_IMAG21_edf849c2-293c-4ffd-ac48-1205ea2d0187.jpg
801515,목요일,비서 일탈,https://shared-comic.pstatic.net/thumb/webtoon/801515/thumbnail/thumbnail_IMAG21_2e85c821-0398-4b06-9c61-66f729974082.jpg
741825,목요일,꽃만 키우는데 너무강함,https://shared-comic.pstatic.net/thumb/webtoon/741825/thumbnail/thumbnail_IMAG21_c830f1df-cd0e-4b7f-aa4e-84d59c88a892.jpg
701700,목요일,트롤트랩,https://shared-comic.pstatic.net/thumb/webtoon/701700/thumbnail/thumbnail_IMAG21_14be195a-a8e9-4324-8d48-226eea667453.jpg
801698,목요일,게임 최강 트롤러,https://shared-comic.pstatic.net/thumb/webtoon/801698/thumbnail/thumbnail_IMAG21_38a99d0f-5cd3-492c-8816-5a0525e295d7.jpg
785727,목요일,국세청 망나니,https://shared-comic.pstatic.net/thumb/webtoon/785727/thumbnail/thumbnail_IMAG21_1f595054-f9e1-4abd-84cd-9ca648a428d3.jpg
758439,목요일,던전 씹어먹는 아티팩트,https://shared-comic.pstatic.net/thumb/webtoon/758439/thumbnail/thumbnail_IMAG21_3834868071364834100.jpg
770523,목요일,흑막 여주가 날 새엄마로 만들려고 해,https://shared-comic.pstatic.net/thumb/webtoon/770523/thumbnail/thumbnail_IMAG21_b0c43bf3-14b8-4b43-970f-ced56b793582.jpg
801998,목요일,코인 리벤지,https://shared-comic.pstatic.net/thumb/webtoon/801998/thumbnail/thumbnail_IMAG21_6607e2c4-b8bd-4145-94f6-ed96d1ec27a2.jpg
798331,목요일,규격 외 혈통 천재,https://shared-comic.pstatic.net/thumb/webtoon/798331/thumbnail/thumbnail_IMAG21_846e6d29-da15-40cb-9d4f-1c7f5b1a6faa.jpg
797468,목요일,누나! 나 무서워,https://shared-comic.pstatic.net/thumb/webtoon/797468/thumbnail/thumbnail_IMAG21_31b5356a-65c6-4ae3-a8af-92b1c959357f.jpg
775631,목요일,완벽한 결혼의 정석,https://shared-comic.pstatic.net/thumb/webtoon/775631/thumbnail/thumbnail_IMAG21_4063147592470967090.jpg
802378,목요일,"엔딩, 바꿔보려합니다",https://shared-comic.pstatic.net/thumb/webtoon/802378/thumbnail/thumbnail_IMAG21_4d347ef2-c648-4ef7-9f75-ac913b452359.jpg
783117,목요일,만능잡캐,https://shared-comic.pstatic.net/thumb/webtoon/783117/thumbnail/thumbnail_IMAG21_7364620379494637924.jpg
802849,목요일,사기 친 공작님을 유혹해버렸다,https://shared-comic.pstatic.net/thumb/webtoon/802849/thumbnail/thumbnail_IMAG21_4c99d9c3-76da-444d-b9be-d698741e54fe.jpg
776668,목요일,마왕까지 한 걸음,https://shared-comic.pstatic.net/thumb/webtoon/776668/thumbnail/thumbnail_IMAG21_7148395014831681846.jpg
768534,목요일,수영만화일기,https://shared-comic.pstatic.net/thumb/webtoon/768534/thumbnail/thumbnail_IMAG21_25248bb7-e4d2-41ea-b011-9553c343330b.jpg
797937,목요일,순수한 동거생활,https://shared-comic.pstatic.net/thumb/webtoon/797937/thumbnail/thumbnail_IMAG21_2614c677-2b48-4d30-af5c-170964180b51.jpg
776542,목요일,네가 죽기를 바랄 때가 있었다,https://shared-comic.pstatic.net/thumb/webtoon/776542/thumbnail/thumbnail_IMAG21_ca2e314b-448b-4383-980a-b6c50b1c6ca4.jpg
792280,목요일,아인슈페너,https://shared-comic.pstatic.net/thumb/webtoon/792280/thumbnail/thumbnail_IMAG21_ef08524c-1c6d-4941-a532-44cb05261730.jpg
780191,목요일,선남친 후연애,https://shared-comic.pstatic.net/thumb/webtoon/780191/thumbnail/thumbnail_IMAG21_8868da32-6304-45c5-8613-6c3954891a14.jpg
670145,목요일,킬더킹,https://shared-comic.pstatic.net/thumb/webtoon/670145/thumbnail/thumbnail_IMAG21_3905854744587100517.jpg
802272,목요일,독거미,https://shared-comic.pstatic.net/thumb/webtoon/802272/thumbnail/thumbnail_IMAG21_bbcca2f4-1063-4a0b-9af7-b7a714171b71.jpg
796242,목요일,위대한 겸상,https://shared-comic.pstatic.net/thumb/webtoon/796242/thumbnail/thumbnail_IMAG21_3558519051501779250.jpg
703847,목요일,35cm,https://shared-comic.pstatic.net/thumb/webtoon/703847/thumbnail/thumbnail_IMAG21_75e07916-d264-42ee-8af7-2788f8b9235f.jpg
742351,목요일,소녀180,https://shared-comic.pstatic.net/thumb/webtoon/742351/thumbnail/thumbnail_IMAG21_08878258-24e5-4c12-93ce-801ade33447f.jpg
790239,목요일,가족같은 XX,https://shared-comic.pstatic.net/thumb/webtoon/790239/thumbnail/thumbnail_IMAG21_f53ea3ad-530a-4c7f-9935-967f27a8f3f0.jpg
794980,목요일,개와 사람의 시간,https://shared-comic.pstatic.net/thumb/webtoon/794980/thumbnail/thumbnail_IMAG21_e3165fc4-8753-4b64-99e1-8fc9bd9ce29d.jpg
793279,목요일,1학년 9반,https://shared-comic.pstatic.net/thumb/webtoon/793279/thumbnail/thumbnail_IMAG21_ce777385-70af-40cd-b02a-77157c141e9f.jpeg
771912,목요일,THE 런웨이,https://shared-comic.pstatic.net/thumb/webtoon/771912/thumbnail/thumbnail_IMAG21_f5c91d16-dbed-423a-be2a-ea025ef95ead.jpg
799165,목요일,나의 불편한 상사,https://shared-comic.pstatic.net/thumb/webtoon/799165/thumbnail/thumbnail_IMAG21_e4cf53a5-8d69-435d-95eb-a68a0128580e.jpg
794651,목요일,두 번째 딸로 태어났습니다,https://shared-comic.pstatic.net/thumb/webtoon/794651/thumbnail/thumbnail_IMAG21_7148957749163931702.jpg
762035,목요일,달의 요람,https://shared-comic.pstatic.net/thumb/webtoon/762035/thumbnail/thumbnail_IMAG21_4123154521771304291.jpg
783862,목요일,마녀의 심판은 꽃이 된다,https://shared-comic.pstatic.net/thumb/webtoon/783862/thumbnail/thumbnail_IMAG21_b6f9ba07-4dfb-40cc-ada9-f397489e7b6d.jpg
797417,목요일,천재의 게임방송,https://shared-comic.pstatic.net/thumb/webtoon/797417/thumbnail/thumbnail_IMAG21_3689123419153130802.jpg
800304,목요일,황제사냥,https://shared-comic.pstatic.net/thumb/webtoon/800304/thumbnail/thumbnail_IMAG21_a97d059c-7eae-4e7c-afa0-74a6d2ac4c15.jpg
796302,목요일,베니루 BAENIRU,https://shared-comic.pstatic.net/thumb/webtoon/796302/thumbnail/thumbnail_IMAG21_8861c149-1927-400e-a343-b5a76be7efdf.jpg
745472,목요일,온새미로,https://shared-comic.pstatic.net/thumb/webtoon/745472/thumbnail/thumbnail_IMAG21_11e424ae-7225-4d54-9cb4-63f4d9a6bbb3.jpg
790840,목요일,"오, 친애하는 숙적",https://shared-comic.pstatic.net/thumb/webtoon/790840/thumbnail/thumbnail_IMAG21_985b42dd-93fd-46fc-8e06-7cd2c32a03ac.jpg
792125,목요일,로맨틱 태평수산,https://shared-comic.pstatic.net/thumb/webtoon/792125/thumbnail/thumbnail_IMAG21_3762866762188994661.jpg
791258,목요일,부캐인생,https://shared-comic.pstatic.net/thumb/webtoon/791258/thumbnail/thumbnail_IMAG21_7161908888893337954.jpg
793130,목요일,방과후 레시피,https://shared-comic.pstatic.net/thumb/webtoon/793130/thumbnail/thumbnail_IMAG21_1913856c-b494-4348-b3f0-b85393e4c3ed.jpg
784506,목요일,환상연가,https://shared-comic.pstatic.net/thumb/webtoon/784506/thumbnail/thumbnail_IMAG21_4134924793763147832.jpg
796324,목요일,"황궁에 핀 꽃은, 미쳤다",https://shared-comic.pstatic.net/thumb/webtoon/796324/thumbnail/thumbnail_IMAG21_175639ba-4f7b-499e-ba95-86235b11b2db.jpg
792277,목요일,따개비,https://shared-comic.pstatic.net/thumb/webtoon/792277/thumbnail/thumbnail_IMAG21_a0d9827b-0e2c-48ce-a1ca-ccb2d4ff65f1.jpg
772691,목요일,돌아온 여기사,https://shared-comic.pstatic.net/thumb/webtoon/772691/thumbnail/thumbnail_IMAG21_7292794790963720291.jpg
800007,목요일,관계중독,https://shared-comic.pstatic.net/thumb/webtoon/800007/thumbnail/thumbnail_IMAG21_94598f8a-9416-450c-b729-105a30afb676.jpg
765322,목요일,그 황제가 시곗바늘을 되돌린 사연,https://shared-comic.pstatic.net/thumb/webtoon/765322/thumbnail/thumbnail_IMAG21_47daec60-5392-4de5-889e-2a8e9d22fde0.jpg
774451,목요일,아빠같은 남자,https://shared-comic.pstatic.net/thumb/webtoon/774451/thumbnail/thumbnail_IMAG21_dfacd585-dc48-410e-b91d-1a3131a4c54d.jpg
784989,목요일,배트맨: 웨인 패밀리 어드벤처,https://shared-comic.pstatic.net/thumb/webtoon/784989/thumbnail/thumbnail_IMAG21_3762867861630367334.jpg
795929,목요일,권리행사자,https://shared-comic.pstatic.net/thumb/webtoon/795929/thumbnail/thumbnail_IMAG21_0e1622aa-5ad0-4c87-a5bc-e61cc2491858.jpg
729086,목요일,이계 무슨 황비,https://shared-comic.pstatic.net/thumb/webtoon/729086/thumbnail/thumbnail_IMAG21_3761456973533491814.jpg
778707,목요일,시에라,https://shared-comic.pstatic.net/thumb/webtoon/778707/thumbnail/thumbnail_IMAG21_11a053f0-4b9f-4f21-b526-2300c5605c2d.jpg
796492,목요일,유월의 소한,https://shared-comic.pstatic.net/thumb/webtoon/796492/thumbnail/thumbnail_IMAG21_4122820291731022946.jpg
792379,목요일,베어케어,https://shared-comic.pstatic.net/thumb/webtoon/792379/thumbnail/thumbnail_IMAG21_448a57b1-10fa-4933-be90-80c0b50a3d37.jpg
769662,목요일,온실 속 화초,https://shared-comic.pstatic.net/thumb/webtoon/769662/thumbnail/thumbnail_IMAG21_7293409593956393778.jpg
754876,목요일,카루나,https://shared-comic.pstatic.net/thumb/webtoon/754876/thumbnail/thumbnail_IMAG21_3904682673849053541.jpg
796247,목요일,널 사랑하는 죽은 형,https://shared-comic.pstatic.net/thumb/webtoon/796247/thumbnail/thumbnail_IMAG21_3486742933231789363.jpg
787729,목요일,나쁜 마법사의 꿈,https://shared-comic.pstatic.net/thumb/webtoon/787729/thumbnail/thumbnail_IMAG21_f5153f86-858a-4945-8701-8e25d5c97c7a.jpg
758587,목요일,자취방 신선들,https://shared-comic.pstatic.net/thumb/webtoon/758587/thumbnail/thumbnail_IMAG21_3688554963004371809.jpg
751993,목요일,보물과 괴물의 도시,https://shared-comic.pstatic.net/thumb/webtoon/751993/thumbnail/thumbnail_IMAG21_7089003575688389985.jpg
771985,목요일,모어 라이프,https://shared-comic.pstatic.net/thumb/webtoon/771985/thumbnail/thumbnail_IMAG21_ab69deb6-124b-47c8-ae18-7ae0b995c2b0.jpg
794644,목요일,사랑하는 여배우들,https://shared-comic.pstatic.net/thumb/webtoon/794644/thumbnail/thumbnail_IMAG21_7017844316221815094.jpg
785701,목요일,가상&RPG,https://shared-comic.pstatic.net/thumb/webtoon/785701/thumbnail/thumbnail_IMAG21_7148394799227549745.jpg
804051,목요일,이게 웬 떡,https://shared-comic.pstatic.net/thumb/webtoon/804051/thumbnail/thumbnail_IMAG21_8fc68f9b-dfde-4ca2-a904-ae7517a9e0a6.jpg
641253,금요일,외모지상주의,https://shared-comic.pstatic.net/thumb/webtoon/641253/thumbnail/thumbnail_IMAG21_01672165-03c8-44b1-ba0e-ef82c9cfcd10.jpg
790713,금요일,대학원 탈출일지,https://shared-comic.pstatic.net/thumb/webtoon/790713/thumbnail/thumbnail_IMAG21_3919364435331003700.jpg
773797,금요일,나 혼자 만렙 뉴비,https://shared-comic.pstatic.net/thumb/webtoon/773797/thumbnail/thumbnail_IMAG21_74f87a34-cf6d-4838-8a80-768bdb2f78a9.jpg
790245,금요일,어쩌다보니 천생연분,https://shared-comic.pstatic.net/thumb/webtoon/790245/thumbnail/thumbnail_IMAG21_3545003845982959922.jpg
777767,금요일,역대급 영지 설계사,https://shared-comic.pstatic.net/thumb/webtoon/777767/thumbnail/thumbnail_IMAG21_cc85f891-272b-450a-b642-cffe1568ab71.jpg
725586,금요일,1초,https://shared-comic.pstatic.net/thumb/webtoon/725586/thumbnail/thumbnail_IMAG21_17f81846-d1a9-43fd-83a4-f9e966b6b977.jpg
753478,금요일,데드퀸,https://shared-comic.pstatic.net/thumb/webtoon/753478/thumbnail/thumbnail_IMAG21_4049077133597095219.jpg
712362,금요일,개를 낳았다,https://shared-comic.pstatic.net/thumb/webtoon/712362/thumbnail/thumbnail_IMAG21_7220173143199539507.jpg
802278,금요일,천하제일 대사형,https://shared-comic.pstatic.net/thumb/webtoon/802278/thumbnail/thumbnail_IMAG21_311b8a63-cb77-4198-b015-95ef835007ac.jpg
751168,금요일,상남자,https://shared-comic.pstatic.net/thumb/webtoon/751168/thumbnail/thumbnail_IMAG21_529c6125-cf14-435f-94ed-db1a2d499d84.jpg
803792,금요일,연애의 기록,https://shared-comic.pstatic.net/thumb/webtoon/803792/thumbnail/thumbnail_IMAG21_ceb2e7d1-abc4-4351-823d-c410ffb1d379.jpg
746534,금요일,낙향문사전,https://shared-comic.pstatic.net/thumb/webtoon/746534/thumbnail/thumbnail_IMAG21_3904681570744218160.jpg
711422,금요일,삼국지톡,https://shared-comic.pstatic.net/thumb/webtoon/711422/thumbnail/thumbnail_IMAG21_fd8cb5db-01ab-4c7b-a2a9-920d4479d5f7.jpg
761722,금요일,세기말 풋사과 보습학원,https://shared-comic.pstatic.net/thumb/webtoon/761722/thumbnail/thumbnail_IMAG21_3990859299314623589.jpg
798917,금요일,"언니, 이번 생엔 내가 왕비야",https://shared-comic.pstatic.net/thumb/webtoon/798917/thumbnail/thumbnail_IMAG21_ca84bfa2-c1c8-4621-9b4b-26dc745606f5.jpg
773916,금요일,말년용사,https://shared-comic.pstatic.net/thumb/webtoon/773916/thumbnail/thumbnail_IMAG21_38fc373b-2ee2-4ab6-ae89-1a9e6b571ba9.jpg
773476,금요일,서울역 드루이드,https://shared-comic.pstatic.net/thumb/webtoon/773476/thumbnail/thumbnail_IMAG21_7293972368624870449.jpg
801555,금요일,언다잉,https://shared-comic.pstatic.net/thumb/webtoon/801555/thumbnail/thumbnail_IMAG21_e90dca57-f705-4a4e-8848-752d809b4b8b.jpg
799837,금요일,사신,https://shared-comic.pstatic.net/thumb/webtoon/799837/thumbnail/thumbnail_IMAG21_361ed944-3c87-481f-a3d9-0e02c12b027d.jpg
766563,금요일,히어로 킬러,https://shared-comic.pstatic.net/thumb/webtoon/766563/thumbnail/thumbnail_IMAG21_4049918251368723811.jpg
765804,금요일,A.I. 닥터,https://shared-comic.pstatic.net/thumb/webtoon/765804/thumbnail/thumbnail_IMAG21_7003208699811542067.jpg
783527,금요일,그렇고 그런 바람에,https://shared-comic.pstatic.net/thumb/webtoon/783527/thumbnail/thumbnail_IMAG21_7147274388288581688.jpg
552960,금요일,더 게이머,https://shared-comic.pstatic.net/thumb/webtoon/552960/thumbnail/thumbnail_IMAG21_ce8f3dbb-3891-4e83-9782-64fa7986946e.jpg
803119,금요일,"푸른 밤, 황홀의 윤무",https://shared-comic.pstatic.net/thumb/webtoon/803119/thumbnail/thumbnail_IMAG21_cfc478c6-3b56-4bdf-b959-089775b2b916.jpg
745876,금요일,플레이어,https://shared-comic.pstatic.net/thumb/webtoon/745876/thumbnail/thumbnail_IMAG21_ad75ad2a-a372-4f6c-873c-41ddd2e11f79.jpg
794383,금요일,브레이커 : 이터널 포스,https://shared-comic.pstatic.net/thumb/webtoon/794383/thumbnail/thumbnail_IMAG21_7017509145513376051.jpg
801736,금요일,폭군님은 착하게 살고 싶어,https://shared-comic.pstatic.net/thumb/webtoon/801736/thumbnail/thumbnail_IMAG21_4cef0649-b3cf-4a27-8eda-afb93d6f6bf4.jpg
803767,금요일,대위님! 이번 전쟁터는 이곳인가요,https://shared-comic.pstatic.net/thumb/webtoon/803767/thumbnail/thumbnail_IMAG21_63c2a7a4-ca93-4ab4-8224-769b3dfa692b.jpg
800585,금요일,소름일기,https://shared-comic.pstatic.net/thumb/webtoon/800585/thumbnail/thumbnail_IMAG21_11721c44-7e70-45e2-bd2e-da1e4a51922b.jpg
741467,금요일,너의 미소가 함정,https://shared-comic.pstatic.net/thumb/webtoon/741467/thumbnail/thumbnail_IMAG21_ea059962-650e-4424-ae2c-6d1dea40fec4.jpg
796980,금요일,선을 넘은 연애,https://shared-comic.pstatic.net/thumb/webtoon/796980/thumbnail/thumbnail_IMAG21_3545002734307981623.jpg
784507,금요일,푸쉬오프,https://shared-comic.pstatic.net/thumb/webtoon/784507/thumbnail/thumbnail_IMAG21_7076337200897603889.jpg
801992,금요일,뜨거운 홍차,https://shared-comic.pstatic.net/thumb/webtoon/801992/thumbnail/thumbnail_IMAG21_84951a6c-71f7-42d1-8656-2625b47a9de9.jpg
751208,금요일,뫼신 사냥꾼,https://shared-comic.pstatic.net/thumb/webtoon/751208/thumbnail/thumbnail_IMAG21_b9f0ab1e-64ab-413d-8d7d-5841a40367b9.jpeg
800506,금요일,웅크,https://shared-comic.pstatic.net/thumb/webtoon/800506/thumbnail/thumbnail_IMAG21_21640049-34da-44e5-82d7-bbb7aca3a3f8.jpg
803371,금요일,애증화음,https://shared-comic.pstatic.net/thumb/webtoon/803371/thumbnail/thumbnail_IMAG21_51679319-175d-40ed-9df7-9c4de4e943c3.jpg
802906,금요일,우리 무슨 사이야,https://shared-comic.pstatic.net/thumb/webtoon/802906/thumbnail/thumbnail_IMAG21_a0759dac-4e68-4ce1-b787-a2a235d1bd37.jpg
800796,금요일,온리호프,https://shared-comic.pstatic.net/thumb/webtoon/800796/thumbnail/thumbnail_IMAG21_e5f6d283-25ac-4c32-be9a-b883c1ba7b87.jpg
778325,금요일,미친 후작을 길들이고 말았다,https://shared-comic.pstatic.net/thumb/webtoon/778325/thumbnail/thumbnail_IMAG21_5998e09b-34fc-42fa-910b-ee9564be0a20.jpg
794102,금요일,킬 더 드래곤,https://shared-comic.pstatic.net/thumb/webtoon/794102/thumbnail/thumbnail_IMAG21_f6a66314-b084-4f48-ae7d-e5ee5771f17a.jpg
732036,금요일,후덜덜덜 남극전자,https://shared-comic.pstatic.net/thumb/webtoon/732036/thumbnail/thumbnail_IMAG21_a5f5b19f-5c44-4adf-b801-ec831eadc27b.jpg
800331,금요일,지옥 키우기,https://shared-comic.pstatic.net/thumb/webtoon/800331/thumbnail/thumbnail_IMAG21_54515d5f-c297-48b9-a9ad-07c759d278b4.jpg
800291,금요일,여자를 사귀고 싶다,https://shared-comic.pstatic.net/thumb/webtoon/800291/thumbnail/thumbnail_IMAG21_04ee3bef-e354-45ba-8cce-896a767278a9.jpg
802733,금요일,크림슨 하트,https://shared-comic.pstatic.net/thumb/webtoon/802733/thumbnail/thumbnail_IMAG21_99fc6540-7391-462a-b08b-326f55a8b354.jpg
644112,금요일,몽홀,https://shared-comic.pstatic.net/thumb/webtoon/644112/thumbnail/thumbnail_IMAG21_3618981192359294768.jpg
756139,금요일,스포,https://shared-comic.pstatic.net/thumb/webtoon/756139/thumbnail/thumbnail_IMAG21_4eca2f9f-7265-4d1f-b49e-2f1060ae19c7.jpg
801773,금요일,하나는 적고 둘은 너무 많아,https://shared-comic.pstatic.net/thumb/webtoon/801773/thumbnail/thumbnail_IMAG21_ea1917eb-9a72-45ab-a7fe-fa5cbd90b2ca.jpg
800046,금요일,문제적 왕자님,https://shared-comic.pstatic.net/thumb/webtoon/800046/thumbnail/thumbnail_IMAG21_e4616c3b-b9ad-46d0-b339-faca2653f613.jpg
792139,금요일,솔트앤페퍼,https://shared-comic.pstatic.net/thumb/webtoon/792139/thumbnail/thumbnail_IMAG21_7075778868856305717.jpg
799524,금요일,절대복종,https://shared-comic.pstatic.net/thumb/webtoon/799524/thumbnail/thumbnail_IMAG21_b01c5e4c-fe6f-4817-a0db-b00b80b3ec94.jpeg
798100,금요일,쿠쿠쿠쿠,https://shared-comic.pstatic.net/thumb/webtoon/798100/thumbnail/thumbnail_IMAG21_534781c7-b360-4d30-be0a-034fbff24682.jpg
802578,금요일,신의 최애캐,https://shared-comic.pstatic.net/thumb/webtoon/802578/thumbnail/thumbnail_IMAG21_6257e0b7-c8db-4872-aac2-962e6c58da85.jpg
797442,금요일,멜빈이 그들에게 남긴 것,https://shared-comic.pstatic.net/thumb/webtoon/797442/thumbnail/thumbnail_IMAG21_902f4c44-b639-436f-ba18-129c1feba0a7.jpg
802359,금요일,세라는 망돌,https://shared-comic.pstatic.net/thumb/webtoon/802359/thumbnail/thumbnail_IMAG21_bdd62ced-0b93-4f46-9b49-1aaad461befc.jpg
783256,금요일,상위1%,https://shared-comic.pstatic.net/thumb/webtoon/783256/thumbnail/thumbnail_IMAG21_7005740853565600102.jpg
783863,금요일,이게 아닌데,https://shared-comic.pstatic.net/thumb/webtoon/783863/thumbnail/thumbnail_IMAG21_57dd91be-0a96-4371-838d-68d5097dbc3a.jpg
799838,금요일,메소드 연기법,https://shared-comic.pstatic.net/thumb/webtoon/799838/thumbnail/thumbnail_IMAG21_e19883fb-74f1-4491-9b72-8731946a11fc.jpg
794742,금요일,로또 황녀님,https://shared-comic.pstatic.net/thumb/webtoon/794742/thumbnail/thumbnail_IMAG21_15a45e09-4f78-4f0e-adef-9b3f6206a2c8.
801038,금요일,성스러운 그대 이르시길,https://shared-comic.pstatic.net/thumb/webtoon/801038/thumbnail/thumbnail_IMAG21_8d5b3bb7-f943-4664-becb-8ac9b88a7e7d.jpg
794743,금요일,스토커의 하루,https://shared-comic.pstatic.net/thumb/webtoon/794743/thumbnail/thumbnail_IMAG21_cda3c8aa-f076-439a-94e9-cdac4f0b5db7.jpeg
793853,금요일,악마라고 불러다오,https://shared-comic.pstatic.net/thumb/webtoon/793853/thumbnail/thumbnail_IMAG21_749009db-d44c-401c-90e2-820f3bd60ec8.jpg
780063,금요일,달이 없는 나라,https://shared-comic.pstatic.net/thumb/webtoon/780063/thumbnail/thumbnail_IMAG21_3978478587194062641.jpg
769747,금요일,아찔한 전남편,https://shared-comic.pstatic.net/thumb/webtoon/769747/thumbnail/thumbnail_IMAG21_3834592101818054758.jpg
803907,금요일,도전! 집콕취미,https://shared-comic.pstatic.net/thumb/webtoon/803907/thumbnail/thumbnail_IMAG21_cb7cf7aa-b7ae-4755-88f1-770c6b9d9ef9.jpg
775140,금요일,인피니티,https://shared-comic.pstatic.net/thumb/webtoon/775140/thumbnail/thumbnail_IMAG21_2de7a216-571b-4bf9-81b6-11b37126d328.jpg
799148,금요일,지니오패스,https://shared-comic.pstatic.net/thumb/webtoon/799148/thumbnail/thumbnail_IMAG21_434bf097-6304-4003-b87d-926c281d775d.jpg
801699,금요일,기억해줘,https://shared-comic.pstatic.net/thumb/webtoon/801699/thumbnail/thumbnail_IMAG21_5f6bd4f5-c1e6-4583-bc91-cd7afaf0f226.jpg
751999,금요일,백년게임,https://shared-comic.pstatic.net/thumb/webtoon/751999/thumbnail/thumbnail_IMAG21_8797d0ef-cefd-463b-bf97-1361a5de293b.jpg
795540,금요일,드래곤의 심장을 가지고 있습니다,https://shared-comic.pstatic.net/thumb/webtoon/795540/thumbnail/thumbnail_IMAG21_5dbe14f7-5802-4643-9b1d-90d94542f450.jpg
771330,금요일,태권보이,https://shared-comic.pstatic.net/thumb/webtoon/771330/thumbnail/thumbnail_IMAG21_3d77367e-42d7-48ba-8946-239def634d70.jpg
797221,금요일,비밀친구,https://shared-comic.pstatic.net/thumb/webtoon/797221/thumbnail/thumbnail_IMAG21_7089289671999633716.jpg
783540,금요일,여름여자 하보이,https://shared-comic.pstatic.net/thumb/webtoon/783540/thumbnail/thumbnail_IMAG21_96b17461-b1db-4d1b-b7c9-4f471a209dba.jpg
793410,금요일,별빛 커튼콜,https://shared-comic.pstatic.net/thumb/webtoon/793410/thumbnail/thumbnail_IMAG21_e2baecd4-0f45-40b2-9de9-667f86e1f7f2.jpg
729036,금요일,합법해적 파르페,https://shared-comic.pstatic.net/thumb/webtoon/729036/thumbnail/thumbnail_IMAG21_e7de7318-0952-49a2-9e24-335e0a321ce8.jpg
783520,금요일,재앙의 날,https://shared-comic.pstatic.net/thumb/webtoon/783520/thumbnail/thumbnail_IMAG21_3846462416433133112.jpg
800006,금요일,미드우트,https://shared-comic.pstatic.net/thumb/webtoon/800006/thumbnail/thumbnail_IMAG21_57db1d57-6373-4923-a0e8-e3e218e94e3c.jpg
775334,금요일,"행운을 빌어요, 용사님!",https://shared-comic.pstatic.net/thumb/webtoon/775334/thumbnail/thumbnail_IMAG21_e6c8e9eb-715f-4d56-a0cb-6d8af732dd98.jpg
777515,금요일,쌈빡,https://shared-comic.pstatic.net/thumb/webtoon/777515/thumbnail/thumbnail_IMAG21_54762710-164c-4341-90ac-d9cea424eb15.jpg
773475,금요일,팬시X팬시,https://shared-comic.pstatic.net/thumb/webtoon/773475/thumbnail/thumbnail_IMAG21_3558462959265145142.jpg
798622,금요일,천상의 주인,https://shared-comic.pstatic.net/thumb/webtoon/798622/thumbnail/thumbnail_IMAG21_0ef0aa87-52c2-4ea1-9b2e-c604648d8d20.jpg
799220,금요일,여름의 너에게,https://shared-comic.pstatic.net/thumb/webtoon/799220/thumbnail/thumbnail_IMAG21_23f445b9-eaee-4cb9-b9b1-4683779bff21.jpg
794423,금요일,너의 키스씬,https://shared-comic.pstatic.net/thumb/webtoon/794423/thumbnail/thumbnail_IMAG21_a0ed5931-cdc9-4f4f-b9d6-f688c06edaba.jpg
785855,금요일,짝사랑 마들렌,https://shared-comic.pstatic.net/thumb/webtoon/785855/thumbnail/thumbnail_IMAG21_7089618408024717624.jpg
799478,금요일,서울시 천사주의,https://shared-comic.pstatic.net/thumb/webtoon/799478/thumbnail/thumbnail_IMAG21_e7fe0b67-9791-42b0-ab36-19bd2d7ea8a5.jpg
791847,금요일,스치면 인연 스며들면 사랑,https://shared-comic.pstatic.net/thumb/webtoon/791847/thumbnail/thumbnail_IMAG21_7162237642839505208.jpg
799226,금요일,너에게 입덕중,https://shared-comic.pstatic.net/thumb/webtoon/799226/thumbnail/thumbnail_IMAG21_2c9e59fe-766a-4d2b-b58f-415213986d3d.jpg
792651,토요일,99강화나무몽둥이,https://shared-comic.pstatic.net/thumb/webtoon/792651/thumbnail/thumbnail_IMAG21_218f18ef-7f68-4d6a-972c-686a3e9f6138.jpg
650305,토요일,호랑이형님,https://shared-comic.pstatic.net/thumb/webtoon/650305/thumbnail/thumbnail_IMAG21_3631086797392995425.jpg
801589,토요일,놓지마 정신줄 시즌3,https://shared-comic.pstatic.net/thumb/webtoon/801589/thumbnail/thumbnail_IMAG21_1b439234-e17d-4fb8-9eef-5d2d4173234c.jpg
784255,토요일,먹는 인생,https://shared-comic.pstatic.net/thumb/webtoon/784255/thumbnail/thumbnail_IMAG21_7003999451307455078.jpg
727188,토요일,취사병 전설이 되다,https://shared-comic.pstatic.net/thumb/webtoon/727188/thumbnail/thumbnail_IMAG21_d4726354-42bc-4bdf-b500-02c951082eeb.jpg
597447,토요일,프리드로우,https://shared-comic.pstatic.net/thumb/webtoon/597447/thumbnail/thumbnail_IMAG21_37e97fb1-5572-45cc-8672-2a60b6cb768e.jpg
783056,토요일,여고생 드래곤,https://shared-comic.pstatic.net/thumb/webtoon/783056/thumbnail/thumbnail_IMAG21_3775197790073796145.jpg
801475,토요일,세레나,https://shared-comic.pstatic.net/thumb/webtoon/801475/thumbnail/thumbnail_IMAG21_63818a49-407c-4d1d-8f9a-e541285abdd9.jpg
793283,토요일,악몽의 형상,https://shared-comic.pstatic.net/thumb/webtoon/793283/thumbnail/thumbnail_IMAG21_4136055320174945841.jpg
787500,토요일,은탄,https://shared-comic.pstatic.net/thumb/webtoon/787500/thumbnail/thumbnail_IMAG21_7090184484697487202.jpg
724815,토요일,아홉수 우리들,https://shared-comic.pstatic.net/thumb/webtoon/724815/thumbnail/thumbnail_IMAG21_6710a409-b23f-414e-842a-5543c4334573.jpg
773796,토요일,망나니 소교주로 환생했다,https://shared-comic.pstatic.net/thumb/webtoon/773796/thumbnail/thumbnail_IMAG21_c673f6f3-c15a-45f1-beb6-e975a84751d2.jpg
721948,토요일,스터디그룹,https://shared-comic.pstatic.net/thumb/webtoon/721948/thumbnail/thumbnail_IMAG21_b5efacb7-c212-422f-bc4a-15cf5dc84408.jpg
64997,토요일,나이트런,https://shared-comic.pstatic.net/thumb/webtoon/64997/thumbnail/thumbnail_IMAG21_3834645974328108595.jpg
801324,토요일,민간인 통제구역 - 일급기밀,https://shared-comic.pstatic.net/thumb/webtoon/801324/thumbnail/thumbnail_IMAG21_201ca646-5c79-42d2-ad28-49a435dc362e.jpg
793275,토요일,작전명 순정,https://shared-comic.pstatic.net/thumb/webtoon/793275/thumbnail/thumbnail_IMAG21_3631362972329534562.jpg
772853,토요일,"나태 공자, 노력 천재 되다",https://shared-comic.pstatic.net/thumb/webtoon/772853/thumbnail/thumbnail_IMAG21_7148394817198842420.jpg
800312,토요일,이십팔세기 광팬,https://shared-comic.pstatic.net/thumb/webtoon/800312/thumbnail/thumbnail_IMAG21_90520e55-609b-4015-8260-974081bce964.jpg
616239,토요일,윌유메리미,https://shared-comic.pstatic.net/thumb/webtoon/616239/thumbnail/thumbnail_IMAG21_7c320dd0-7f6e-4645-b82b-e46752ed7375.jpg
746834,토요일,청춘 블라썸,https://shared-comic.pstatic.net/thumb/webtoon/746834/thumbnail/thumbnail_IMAG21_6412ed6b-2288-41df-8715-648a3da9154e.jpg
769568,토요일,반드시 해피엔딩,https://shared-comic.pstatic.net/thumb/webtoon/769568/thumbnail/thumbnail_IMAG21_4122307894377986102.jpg
733280,토요일,나를 바꿔줘,https://shared-comic.pstatic.net/thumb/webtoon/733280/thumbnail/thumbnail_IMAG21_ffc6f8e2-f633-4b4d-8059-d42f155c2011.jpg
787061,토요일,소공녀 민트,https://shared-comic.pstatic.net/thumb/webtoon/787061/thumbnail/thumbnail_IMAG21_802bdc27-b7d9-4b97-8f6b-07fd392175ca.jpg
803934,토요일,나랑X할래,https://shared-comic.pstatic.net/thumb/webtoon/803934/thumbnail/thumbnail_IMAG21_4fabee83-c9ef-4a00-96f3-0ed4a45b90b5.jpg
799503,토요일,간첩 18세,https://shared-comic.pstatic.net/thumb/webtoon/799503/thumbnail/thumbnail_IMAG21_34f3cf97-e658-48bd-80c2-ca4397b1ecfd.jpg
703630,토요일,어글리후드,https://shared-comic.pstatic.net/thumb/webtoon/703630/thumbnail/thumbnail_IMAG21_12acd584-a3fe-40a5-bf47-b1c36dc18387.jpg
774864,토요일,존잘주의,https://shared-comic.pstatic.net/thumb/webtoon/774864/thumbnail/thumbnail_IMAG21_7366025529484523875.jpg
780404,토요일,물위의 우리,https://shared-comic.pstatic.net/thumb/webtoon/780404/thumbnail/thumbnail_IMAG21_e9eccbd9-b1c1-49b9-81a8-5bee3291315f.jpg
793350,토요일,미나 이퀄,https://shared-comic.pstatic.net/thumb/webtoon/793350/thumbnail/thumbnail_IMAG21_3545852647434696500.jpg
794154,토요일,남편 먹는 여자,https://shared-comic.pstatic.net/thumb/webtoon/794154/thumbnail/thumbnail_IMAG21_7005690301766646114.jpg
732021,토요일,탑코너,https://shared-comic.pstatic.net/thumb/webtoon/732021/thumbnail/thumbnail_IMAG21_3617062741365437232.jpg
797184,토요일,대충 캠퍼스로맨스임,https://shared-comic.pstatic.net/thumb/webtoon/797184/thumbnail/thumbnail_IMAG21_7161629625811166819.jpg
739411,토요일,왕세자 입학도,https://shared-comic.pstatic.net/thumb/webtoon/739411/thumbnail/thumbnail_IMAG21_41bd65cb-fadb-47a2-a595-4faa95d1858c.jpg
755559,토요일,태백 : 튜토리얼 맨,https://shared-comic.pstatic.net/thumb/webtoon/755559/thumbnail/thumbnail_IMAG21_5f1dbe14-8903-454e-9d00-bb6ce36b90fa.jpg
803794,토요일,더 해머,https://shared-comic.pstatic.net/thumb/webtoon/803794/thumbnail/thumbnail_IMAG21_f1b5422e-98cf-4193-abee-d848ee48f9e3.jpg
798182,토요일,디펜스 게임의 폭군이 되었다,https://shared-comic.pstatic.net/thumb/webtoon/798182/thumbnail/thumbnail_IMAG21_89b76b37-09fe-4791-8de8-ec2ed174c95d.jpg
803530,토요일,애구애구,https://shared-comic.pstatic.net/thumb/webtoon/803530/thumbnail/thumbnail_IMAG21_c8d5f8f0-9883-465b-b79d-325c02d42b71.jpg
703839,토요일,홍시는 날 좋아해!,https://shared-comic.pstatic.net/thumb/webtoon/703839/thumbnail/thumbnail_IMAG21_5868239b-e1f5-4bcc-ad21-9dba1539d693.jpg
783590,토요일,용사참수인,https://shared-comic.pstatic.net/thumb/webtoon/783590/thumbnail/thumbnail_IMAG21_4135765916688540769.jpg
746833,토요일,"저무는 해, 시린 눈",https://shared-comic.pstatic.net/thumb/webtoon/746833/thumbnail/thumbnail_IMAG21_21c3beb3-76fa-4b6a-811a-b641dd017e1b.jpg
774051,토요일,남편을 만렙으로 키우려 합니다,https://shared-comic.pstatic.net/thumb/webtoon/774051/thumbnail/thumbnail_IMAG21_0cf6ad18-a403-4a35-913b-e6648b66c5a8.jpg
802819,토요일,궤도의 아이들,https://shared-comic.pstatic.net/thumb/webtoon/802819/thumbnail/thumbnail_IMAG21_827d17bc-65c9-474d-a162-711ca38aae0a.jpg
783814,토요일,엑스애쉬,https://shared-comic.pstatic.net/thumb/webtoon/783814/thumbnail/thumbnail_IMAG21_3472617502213103923.jpg
793072,토요일,팬인데 왜요,https://shared-comic.pstatic.net/thumb/webtoon/793072/thumbnail/thumbnail_IMAG21_3691042260166927713.jpg
793553,토요일,이계진입 리로디드,https://shared-comic.pstatic.net/thumb/webtoon/793553/thumbnail/thumbnail_IMAG21_1afbb206-239d-41d8-832b-cbd6be2b0c0a.jpeg
762277,토요일,지옥급식,https://shared-comic.pstatic.net/thumb/webtoon/762277/thumbnail/thumbnail_IMAG21_c1002487-225b-4984-8a38-28ceb6abfe28.jpg
797844,토요일,폭군 남편과 이혼하겠습니다,https://shared-comic.pstatic.net/thumb/webtoon/797844/thumbnail/thumbnail_IMAG21_3473510481684150625.jpg
786496,토요일,아사,https://shared-comic.pstatic.net/thumb/webtoon/786496/thumbnail/thumbnail_IMAG21_3473794169387889714.jpg
784580,토요일,묘령의 황자,https://shared-comic.pstatic.net/thumb/webtoon/784580/thumbnail/thumbnail_IMAG21_415eec4d-410d-4118-9e7e-e05a7e7c1997.jpg
729047,토요일,공유몽,https://shared-comic.pstatic.net/thumb/webtoon/729047/thumbnail/thumbnail_IMAG21_835f4d2f-fa5a-4ef0-9106-0edeb5d6dd4c.jpg
793374,토요일,완벽한 부부는 없다,https://shared-comic.pstatic.net/thumb/webtoon/793374/thumbnail/thumbnail_IMAG21_3775484551403496548.jpg
750582,토요일,광해의 연인,https://shared-comic.pstatic.net/thumb/webtoon/750582/thumbnail/thumbnail_IMAG21_7293407407885333561.jpg
774043,토요일,메트로헌터,https://shared-comic.pstatic.net/thumb/webtoon/774043/thumbnail/thumbnail_IMAG21_7305230228785542756.jpg
776656,토요일,최면학교,https://shared-comic.pstatic.net/thumb/webtoon/776656/thumbnail/thumbnail_IMAG21_3559314170173470050.jpg
786269,토요일,마법사가 죽음을 맞이하는 방법,https://shared-comic.pstatic.net/thumb/webtoon/786269/thumbnail/thumbnail_IMAG21_3976731454544045158.jpg
778580,토요일,최강부캐,https://shared-comic.pstatic.net/thumb/webtoon/778580/thumbnail/thumbnail_IMAG21_7365744059571516773.jpg
801516,토요일,아이돌만 하고 싶었는데,https://shared-comic.pstatic.net/thumb/webtoon/801516/thumbnail/thumbnail_IMAG21_f1f2d0bc-e7c5-4697-92a6-e1bb3baeccee.jpg
770964,토요일,키스 식스 센스,https://shared-comic.pstatic.net/thumb/webtoon/770964/thumbnail/thumbnail_IMAG21_fd38b2b9-196b-4390-b8ab-ff9e424b69c4.jpg
778284,토요일,은둔코인,https://shared-comic.pstatic.net/thumb/webtoon/778284/thumbnail/thumbnail_IMAG21_0de7df32-623e-4e3b-9191-17479ee89c99.jpg
802070,토요일,시선 끝 브로콜리,https://shared-comic.pstatic.net/thumb/webtoon/802070/thumbnail/thumbnail_IMAG21_63b30497-520f-4fc1-964a-b480aea52fc6.jpg
783864,토요일,전생연분,https://shared-comic.pstatic.net/thumb/webtoon/783864/thumbnail/thumbnail_IMAG21_965c8626-3cdf-4168-978d-f9315044590a.jpg
794161,토요일,복수를 위한 결혼동맹,https://shared-comic.pstatic.net/thumb/webtoon/794161/thumbnail/thumbnail_IMAG21_7377801329884803120.jpg
789664,토요일,적월의 나라,https://shared-comic.pstatic.net/thumb/webtoon/789664/thumbnail/thumbnail_IMAG21_7364905132283607138.jpg
784582,토요일,소년 검사,https://shared-comic.pstatic.net/thumb/webtoon/784582/thumbnail/thumbnail_IMAG21_7220790153841828450.jpg
785260,토요일,배달의 신,https://shared-comic.pstatic.net/thumb/webtoon/785260/thumbnail/thumbnail_IMAG21_3486966134075647588.jpg
802117,토요일,겨울특강,https://shared-comic.pstatic.net/thumb/webtoon/802117/thumbnail/thumbnail_IMAG21_15a0d966-695b-45ce-a050-e42a40f31559.jpg
771065,토요일,중매쟁이 아가 황녀님,https://shared-comic.pstatic.net/thumb/webtoon/771065/thumbnail/thumbnail_IMAG21_7149803300217697074.jpg
755744,토요일,왕년엔 용사님,https://shared-comic.pstatic.net/thumb/webtoon/755744/thumbnail/thumbnail_IMAG21_ea3e8a31-f6ef-40b4-936b-acb0fac4e94f.jpg
800828,토요일,용두사망 소설 속의 악녀가 되었다,https://shared-comic.pstatic.net/thumb/webtoon/800828/thumbnail/thumbnail_IMAG21_bd9dbd1f-322c-4fdc-88f0-135d4a892735.jpg
764128,토요일,모두 너였다,https://shared-comic.pstatic.net/thumb/webtoon/764128/thumbnail/thumbnail_IMAG21_1d8ee74e-24c4-43b7-aee3-52ad2f7dbe9f.jpg
733277,토요일,도사 가온,https://shared-comic.pstatic.net/thumb/webtoon/733277/thumbnail/thumbnail_IMAG21_3762867875337430064.jpg
769193,토요일,아가사,https://shared-comic.pstatic.net/thumb/webtoon/769193/thumbnail/thumbnail_IMAG21_63967208-c38f-42a0-9186-163653c54a47.jpg
796252,토요일,"다비, 아찔하게 흐르는",https://shared-comic.pstatic.net/thumb/webtoon/796252/thumbnail/thumbnail_IMAG21_07b3c0bc-a24e-4411-8996-b38f6a6a2721.jpg
786978,토요일,7FATES: CHAKHO,https://shared-comic.pstatic.net/thumb/webtoon/786978/thumbnail/thumbnail_IMAG21_c06d9d48-2f0d-47b8-8767-1cf8ce6f29b6.jpg
797932,토요일,청춘일지,https://shared-comic.pstatic.net/thumb/webtoon/797932/thumbnail/thumbnail_IMAG21_ef5d2231-8978-4ebd-8e85-8bf73437da62.jpg
791936,토요일,키스의 여왕,https://shared-comic.pstatic.net/thumb/webtoon/791936/thumbnail/thumbnail_IMAG21_220219e9-4d6c-4b9a-874b-a6780edb27d5.jpg
780845,토요일,사서고생!,https://shared-comic.pstatic.net/thumb/webtoon/780845/thumbnail/thumbnail_IMAG21_fb6ff972-27ca-459d-ac5d-c1083e96c45c.jpg
778579,토요일,스트릿 워크아웃,https://shared-comic.pstatic.net/thumb/webtoon/778579/thumbnail/thumbnail_IMAG21_793b71dd-eb49-4b91-aff4-a53ba1141822.jpg
778968,토요일,밤을 깨우는 마법,https://shared-comic.pstatic.net/thumb/webtoon/778968/thumbnail/thumbnail_IMAG21_7364286329789702709.jpg
753304,토요일,아침을 지나 밤으로,https://shared-comic.pstatic.net/thumb/webtoon/753304/thumbnail/thumbnail_IMAG21_02569ecf-8e35-48b5-a9d3-5ab38900163d.jpg
792720,토요일,이건 그냥 연애 이야기,https://shared-comic.pstatic.net/thumb/webtoon/792720/thumbnail/thumbnail_IMAG21_7306017491928889145.jpg
794458,토요일,보고 있지,https://shared-comic.pstatic.net/thumb/webtoon/794458/thumbnail/thumbnail_IMAG21_7089291664123257185.jpg
787721,토요일,보듬보듬,https://shared-comic.pstatic.net/thumb/webtoon/787721/thumbnail/thumbnail_IMAG21_3905296416854336824.jpg
786882,토요일,좋아해 아니 싫어해,https://shared-comic.pstatic.net/thumb/webtoon/786882/thumbnail/thumbnail_IMAG21_e0fa10e1-5bdc-43af-ba6c-596373173b1b.jpg
785693,토요일,실버 쥬얼,https://shared-comic.pstatic.net/thumb/webtoon/785693/thumbnail/thumbnail_IMAG21_c01781fb-884a-4667-aa13-e3a316d2fa24.jpg
781339,토요일,숨겨진 성녀,https://shared-comic.pstatic.net/thumb/webtoon/781339/thumbnail/thumbnail_IMAG21_3559031385248653620.jpg
710751,일요일,약한영웅,https://shared-comic.pstatic.net/thumb/webtoon/710751/thumbnail/thumbnail_IMAG21_53aefc06-6bdf-40fb-93ac-fab7242146c6.jpg
736277,일요일,싸움독학,https://shared-comic.pstatic.net/thumb/webtoon/736277/thumbnail/thumbnail_IMAG21_bbbe3f76-021e-4dbc-830a-4358c1abec0c.jpg
758150,일요일,입학용병,https://shared-comic.pstatic.net/thumb/webtoon/758150/thumbnail/thumbnail_IMAG21_4135492154714961716.jpg
795262,일요일,사형소년,https://shared-comic.pstatic.net/thumb/webtoon/795262/thumbnail/thumbnail_IMAG21_b6090fe4-9f39-4ef9-802e-091184f38e30.jpg
748105,일요일,독립일기,https://shared-comic.pstatic.net/thumb/webtoon/748105/thumbnail/thumbnail_IMAG21_87f84b6f-a211-4940-8684-f4b8731357eb.jpg
774831,일요일,수희0(tngmlek0),https://shared-comic.pstatic.net/thumb/webtoon/774831/thumbnail/thumbnail_IMAG21_b4644a73-ecfb-4532-a96c-575b02accfd0.jpg
785251,일요일,시월드가 내게 집착한다,https://shared-comic.pstatic.net/thumb/webtoon/785251/thumbnail/thumbnail_IMAG21_3919877924477546549.jpg
798664,일요일,자매전쟁,https://shared-comic.pstatic.net/thumb/webtoon/798664/thumbnail/thumbnail_IMAG21_c7250508-9855-409e-a8f6-0adf1d76a1f8.jpg
751207,일요일,천하제일인,https://shared-comic.pstatic.net/thumb/webtoon/751207/thumbnail/thumbnail_IMAG21_051bb61f-1996-4082-871c-6f04ff279c11.jpg
743838,일요일,소녀재판,https://shared-comic.pstatic.net/thumb/webtoon/743838/thumbnail/thumbnail_IMAG21_a406f148-9929-4eff-aad1-e9cec2153da6.jpg
803222,일요일,이세계 용사가 지구를 구하는 이유,https://shared-comic.pstatic.net/thumb/webtoon/803222/thumbnail/thumbnail_IMAG21_eeb94c07-d924-4ad6-96d4-39d596a78d26.jpg
803480,일요일,노빠꾸 최하영,https://shared-comic.pstatic.net/thumb/webtoon/803480/thumbnail/thumbnail_IMAG21_2e2c5658-1865-4b48-90f8-f9dfa07ab9ef.jpg
795529,일요일,아카데미에 위장취업당했다,https://shared-comic.pstatic.net/thumb/webtoon/795529/thumbnail/thumbnail_IMAG21_3689631394330325350.jpg
799267,일요일,"안녕, 나의 수집",https://shared-comic.pstatic.net/thumb/webtoon/799267/thumbnail/thumbnail_IMAG21_f522ff4f-4f7c-40bf-b9f2-f58d049d4a82.jpg
799805,일요일,분신으로 자동사냥,https://shared-comic.pstatic.net/thumb/webtoon/799805/thumbnail/thumbnail_IMAG21_aff53990-84b6-4b97-973d-fa3a8add5da5.jpg
778322,일요일,무서운게 딱좋아!,https://shared-comic.pstatic.net/thumb/webtoon/778322/thumbnail/thumbnail_IMAG21_3918807004477994082.jpg
759567,일요일,판사 이한영,https://shared-comic.pstatic.net/thumb/webtoon/759567/thumbnail/thumbnail_IMAG21_3991657355780766050.jpg
695796,일요일,내일,https://shared-comic.pstatic.net/thumb/webtoon/695796/thumbnail/thumbnail_IMAG21_332bb25b-c77d-477f-9979-5a8607ebd7a5.jpg
764129,일요일,살아남은 로맨스,https://shared-comic.pstatic.net/thumb/webtoon/764129/thumbnail/thumbnail_IMAG21_082cf9cf-165b-41f3-acae-0d5af28c3864.
792694,일요일,폰투스 : 극야2,https://shared-comic.pstatic.net/thumb/webtoon/792694/thumbnail/thumbnail_IMAG21_579c7baa-5cce-4178-b5ac-67b26913917a.jpg
769658,일요일,경자 전성시대,https://shared-comic.pstatic.net/thumb/webtoon/769658/thumbnail/thumbnail_IMAG21_3559023722976457571.jpg
655746,일요일,마법스크롤 상인 지오,https://shared-comic.pstatic.net/thumb/webtoon/655746/thumbnail/thumbnail_IMAG21_3977301010156642611.jpg
703844,일요일,가비지타임,https://shared-comic.pstatic.net/thumb/webtoon/703844/thumbnail/thumbnail_IMAG21_4122261748397257571.jpg
779632,일요일,일타강사 백사부,https://shared-comic.pstatic.net/thumb/webtoon/779632/thumbnail/thumbnail_IMAG21_4048795649913205816.jpg
800778,일요일,칼끝에 입술,https://shared-comic.pstatic.net/thumb/webtoon/800778/thumbnail/thumbnail_IMAG21_fb2e458c-00bc-44cf-96ec-d486e4389b31.jpg
776092,일요일,어느날 갑자기 서울은,https://shared-comic.pstatic.net/thumb/webtoon/776092/thumbnail/thumbnail_IMAG21_3905524900524404791.jpg
728128,일요일,합격시켜주세용,https://shared-comic.pstatic.net/thumb/webtoon/728128/thumbnail/thumbnail_IMAG21_7089844928995668020.jpg
803122,일요일,인생영화,https://shared-comic.pstatic.net/thumb/webtoon/803122/thumbnail/thumbnail_IMAG21_7160c2e6-5434-403b-bc7c-a21ecffbd599.jpg
802682,일요일,여신님의 호랑이 공략법,https://shared-comic.pstatic.net/thumb/webtoon/802682/thumbnail/thumbnail_IMAG21_2b6bb044-08d6-443a-aa0f-672f2429066a.jpg
803649,일요일,밤마다 남편이 바뀐다,https://shared-comic.pstatic.net/thumb/webtoon/803649/thumbnail/thumbnail_IMAG21_2dd44beb-7a5b-43f0-b9d4-af7829e69c70.jpg
803909,일요일,나 혼자 특성빨로 무한 성장,https://shared-comic.pstatic.net/thumb/webtoon/803909/thumbnail/thumbnail_IMAG21_764d377c-fe45-40f9-8775-0f6ff92ad421.jpg
789966,일요일,장풍전,https://shared-comic.pstatic.net/thumb/webtoon/789966/thumbnail/thumbnail_IMAG21_3774973501885266274.jpg
778578,일요일,위닝샷!,https://shared-comic.pstatic.net/thumb/webtoon/778578/thumbnail/thumbnail_IMAG21_7377517646593603123.jpg
802986,일요일,잿더미 황후,https://shared-comic.pstatic.net/thumb/webtoon/802986/thumbnail/thumbnail_IMAG21_c25b5dbd-8e7a-4184-aa1f-5d02727e874c.jpg
800788,일요일,약빨이 신선함,https://shared-comic.pstatic.net/thumb/webtoon/800788/thumbnail/thumbnail_IMAG21_20e24a76-68af-4a5c-a4ae-2ac2b25cc1d1.jpg
783524,일요일,고백 취소도 되나,https://shared-comic.pstatic.net/thumb/webtoon/783524/thumbnail/thumbnail_IMAG21_3761743981130101296.jpg
801580,일요일,백설을 위하여,https://shared-comic.pstatic.net/thumb/webtoon/801580/thumbnail/thumbnail_IMAG21_fe3ba1fc-a481-42db-bd91-7d2a02f599a6.jpg
730657,일요일,오로지 너를 이기고 싶어,https://shared-comic.pstatic.net/thumb/webtoon/730657/thumbnail/thumbnail_IMAG21_3991708112979517793.jpg
802079,일요일,청춘계시록,https://shared-comic.pstatic.net/thumb/webtoon/802079/thumbnail/thumbnail_IMAG21_848d280d-a280-4b16-979a-9a9484113b16.jpg
768473,일요일,천치전능,https://shared-comic.pstatic.net/thumb/webtoon/768473/thumbnail/thumbnail_IMAG21_3977634166458311222.jpg
800101,일요일,헬스던전,https://shared-comic.pstatic.net/thumb/webtoon/800101/thumbnail/thumbnail_IMAG21_68185df2-8958-47cc-948b-d5890bec9e45.jpg
783865,일요일,돌&아이,https://shared-comic.pstatic.net/thumb/webtoon/783865/thumbnail/thumbnail_IMAG21_d88f2cf6-b945-4e53-a5dc-ca6a69608ac8.jpg
730607,일요일,평행도시,https://shared-comic.pstatic.net/thumb/webtoon/730607/thumbnail/thumbnail_IMAG21_4050531779662669109.jpg
800392,일요일,노량진 공격대,https://shared-comic.pstatic.net/thumb/webtoon/800392/thumbnail/thumbnail_IMAG21_eed97262-22a4-4232-92b7-3e213f4819f2.jpg
778991,일요일,몸이 바뀌는 사정,https://shared-comic.pstatic.net/thumb/webtoon/778991/thumbnail/thumbnail_IMAG21_3544721241449849699.jpg
768474,일요일,장미같은 소리,https://shared-comic.pstatic.net/thumb/webtoon/768474/thumbnail/thumbnail_IMAG21_7cb64c7e-2528-4057-8118-ad1df1acf2f7.jpg
753842,일요일,데빌샷,https://shared-comic.pstatic.net/thumb/webtoon/753842/thumbnail/thumbnail_IMAG21_7089009287152952422.jpg
789651,일요일,위험한 남편을 길들이는 법,https://shared-comic.pstatic.net/thumb/webtoon/789651/thumbnail/thumbnail_IMAG21_0fcadb92-70c8-4c18-8371-1a40c33a3c20.jpg
801455,일요일,완벽한 파트너,https://shared-comic.pstatic.net/thumb/webtoon/801455/thumbnail/thumbnail_IMAG21_24d87e2b-c39c-4f30-8b11-4ba2ab86e253.jpg
798177,일요일,키미앤조이,https://shared-comic.pstatic.net/thumb/webtoon/798177/thumbnail/thumbnail_IMAG21_f0cbdfb5-413a-4418-bc13-9acaf6d8f3a5.jpg
790416,일요일,나의 작은 서점,https://shared-comic.pstatic.net/thumb/webtoon/790416/thumbnail/thumbnail_IMAG21_055ba017-9ab1-413f-8dab-dcab9b6ef090.jpg
799509,일요일,손 안의 안단테,https://shared-comic.pstatic.net/thumb/webtoon/799509/thumbnail/thumbnail_IMAG21_1ef92df7-7d7f-48ab-9c8d-f342aad36d08.jpg
796251,일요일,홍 의관의 은밀한 비밀,https://shared-comic.pstatic.net/thumb/webtoon/796251/thumbnail/thumbnail_IMAG21_6417177b-b3b2-4d95-b0a8-933eaa533688.jpg
737021,일요일,마도,https://shared-comic.pstatic.net/thumb/webtoon/737021/thumbnail/thumbnail_IMAG21_6758bf70-1d7a-4ceb-ae84-90698e808920.jpg
798172,일요일,내곁엔 없을까,https://shared-comic.pstatic.net/thumb/webtoon/798172/thumbnail/thumbnail_IMAG21_8bcf6118-e095-44a1-b587-778a48caab52.jpg
761599,일요일,결혼까지 망상했어!,https://shared-comic.pstatic.net/thumb/webtoon/761599/thumbnail/thumbnail_IMAG21_17ae3742-b2d1-476e-a366-bd031e53969d.jpg
793539,일요일,마왕의 고백,https://shared-comic.pstatic.net/thumb/webtoon/793539/thumbnail/thumbnail_IMAG21_4377b048-3468-4b60-9b15-289d0f974340.jpg
783599,일요일,블러드 리벤저,https://shared-comic.pstatic.net/thumb/webtoon/783599/thumbnail/thumbnail_IMAG21_629c1cd8-a02c-4ee3-80a8-2da6c5c6a57e.jpg
798303,일요일,108명의 그녀들,https://shared-comic.pstatic.net/thumb/webtoon/798303/thumbnail/thumbnail_IMAG21_ba8821d3-95a0-4916-a95d-7ab265982ef8.jpg
786262,일요일,생존고백,https://shared-comic.pstatic.net/thumb/webtoon/786262/thumbnail/thumbnail_IMAG21_ef76cf9e-0742-400a-8dcb-2720679c9764.jpg
801428,일요일,천년간 노려왔습니다,https://shared-comic.pstatic.net/thumb/webtoon/801428/thumbnail/thumbnail_IMAG21_50e8a89e-b0b6-44ad-8a98-0850328943b4.jpg
786082,일요일,여우애담,https://shared-comic.pstatic.net/thumb/webtoon/786082/thumbnail/thumbnail_IMAG21_3617014152366941753.jpg
794944,일요일,하렘에서 살아남기,https://shared-comic.pstatic.net/thumb/webtoon/794944/thumbnail/thumbnail_IMAG21_494e291d-009d-4ab1-802f-9f6c056fb7cc.jpg
786973,일요일,DARK MOON: 달의 제단,https://shared-comic.pstatic.net/thumb/webtoon/786973/thumbnail/thumbnail_IMAG21_35f474fa-13bc-4ac5-9815-91f0e9d1ef95.jpg
797155,일요일,킬링킬러,https://shared-comic.pstatic.net/thumb/webtoon/797155/thumbnail/thumbnail_IMAG21_f4040a49-edae-4b48-81c7-09b6426f3c81.jpg
745652,일요일,신이 담긴 아이,https://shared-comic.pstatic.net/thumb/webtoon/745652/thumbnail/thumbnail_IMAG21_3691036779872269110.jpg
780409,일요일,보스의 노골적 취향,https://shared-comic.pstatic.net/thumb/webtoon/780409/thumbnail/thumbnail_IMAG21_7293356615652225585.jpg
787465,일요일,철수와 영희 이야기,https://shared-comic.pstatic.net/thumb/webtoon/787465/thumbnail/thumbnail_IMAG21_3835207836886250084.jpg
796894,일요일,마섹남 - 마술하는 섹시한 남자,https://shared-comic.pstatic.net/thumb/webtoon/796894/thumbnail/thumbnail_IMAG21_3473180633326577200.jpg
784140,일요일,후궁 스캔들,https://shared-comic.pstatic.net/thumb/webtoon/784140/thumbnail/thumbnail_IMAG21_2d94801c-0277-4f9e-ad45-b8e7a7f9920f.jpg
758664,일요일,사람은 고쳐 쓰는 게 아니야!,https://shared-comic.pstatic.net/thumb/webtoon/758664/thumbnail/thumbnail_IMAG21_3630856102589116464.jpg
801277,일요일,그림자 잡기,https://shared-comic.pstatic.net/thumb/webtoon/801277/thumbnail/thumbnail_IMAG21_704c7b5b-4662-4998-b388-735f1505dc34.jpg
791937,일요일,6월의 라벤더,https://shared-comic.pstatic.net/thumb/webtoon/791937/thumbnail/thumbnail_IMAG21_3991709225342808419.jpg
779354,일요일,패션쇼,https://shared-comic.pstatic.net/thumb/webtoon/779354/thumbnail/thumbnail_IMAG21_60a74bee-a71e-4a50-a02b-c434359e36a1.jpg
795041,일요일,"아마도, 굿모닝",https://shared-comic.pstatic.net/thumb/webtoon/795041/thumbnail/thumbnail_IMAG21_02f63d85-3d3c-468b-9b4c-a61203785747.jpg
758665,일요일,샤인 스타,https://shared-comic.pstatic.net/thumb/webtoon/758665/thumbnail/thumbnail_IMAG21_3617063617572387171.jpg
794224,일요일,밀실 마피아 게임,https://shared-comic.pstatic.net/thumb/webtoon/794224/thumbnail/thumbnail_IMAG21_c063bfcc-d189-45c3-a29d-4e453d8b134b.jpg
758676,일요일,조선여우스캔들,https://shared-comic.pstatic.net/thumb/webtoon/758676/thumbnail/thumbnail_IMAG21_3991651857397657649.jpg
799213,일요일,어떤소란,https://shared-comic.pstatic.net/thumb/webtoon/799213/thumbnail/thumbnail_IMAG21_d0af8fd4-8aec-4e7f-9eca-f801c7ca01b2.jpg
773524,일요일,거래하실래요,https://shared-comic.pstatic.net/thumb/webtoon/773524/thumbnail/thumbnail_IMAG21_7149293130308793392.jpg
773473,일요일,전설의 화석,https://shared-comic.pstatic.net/thumb/webtoon/773473/thumbnail/thumbnail_IMAG21_7219612362120638771.jpg
